review_order,task_id,task_type,difficulty,crop,scenario_family,source_basis,draft_status
1,EXT-SC-001,scene_construction,easy,tomato,greenhouse_hierarchy,SAREF4AGRI+FIWARE,pending_double_blind_review
2,EXT-SC-002,scene_construction,easy,cucumber,greenhouse_hierarchy,SAREF4AGRI+FIWARE,pending_double_blind_review
3,EXT-SC-003,scene_construction,easy,lettuce,greenhouse_hierarchy,SAREF4AGRI+FIWARE,pending_double_blind_review
4,EXT-SC-004,scene_construction,easy,strawberry,greenhouse_hierarchy,SAREF4AGRI+FIWARE,pending_double_blind_review
5,EXT-SC-005,scene_construction,easy,bell_pepper,greenhouse_hierarchy,SAREF4AGRI+FIWARE,pending_double_blind_review
6,EXT-SC-006,scene_construction,easy,eggplant,greenhouse_hierarchy,SAREF4AGRI+FIWARE,pending_double_blind_review
7,EXT-SC-007,scene_construction,easy,basil,greenhouse_hierarchy,SAREF4AGRI+FIWARE,pending_double_blind_review
8,EXT-SC-008,scene_construction,easy,spinach,greenhouse_hierarchy,SAREF4AGRI+FIWARE,pending_double_blind_review
9,EXT-SC-009,scene_construction,easy,pak_choi,greenhouse_hierarchy,SAREF4AGRI+FIWARE,pending_double_blind_review
10,EXT-SC-010,scene_construction,easy,melon,greenhouse_hierarchy,SAREF4AGRI+FIWARE,pending_double_blind_review
11,EXT-SC-011,scene_construction,easy,green_bean,greenhouse_hierarchy,SAREF4AGRI+FIWARE,pending_double_blind_review
12,EXT-SC-012,scene_construction,easy,radish,greenhouse_hierarchy,SAREF4AGRI+FIWARE,pending_double_blind_review
13,EXT-SC-013,scene_construction,easy,cherry_tomato,greenhouse_hierarchy,SAREF4AGRI+FIWARE,pending_double_blind_review
14,EXT-SC-014,scene_construction,easy,dwarf_tomato,greenhouse_hierarchy,SAREF4AGRI+FIWARE,pending_double_blind_review
15,EXT-SC-015,scene_construction,easy,arugula,greenhouse_hierarchy,SAREF4AGRI+FIWARE,pending_double_blind_review
16,EXT-SC-016,scene_construction,medium,kale,greenhouse_hierarchy,SAREF4AGRI+FIWARE,pending_double_blind_review
17,EXT-SC-017,scene_construction,medium,celery,greenhouse_hierarchy,SAREF4AGRI+FIWARE,pending_double_blind_review
18,EXT-SC-018,scene_construction,medium,parsley,greenhouse_hierarchy,SAREF4AGRI+FIWARE,pending_double_blind_review
19,EXT-SC-019,scene_construction,medium,mint,greenhouse_hierarchy,SAREF4AGRI+FIWARE,pending_double_blind_review
20,EXT-SC-020,scene_construction,medium,coriander,greenhouse_hierarchy,SAREF4AGRI+FIWARE,pending_double_blind_review
21,EXT-SC-021,scene_construction,medium,tomato,greenhouse_hierarchy,SAREF4AGRI+FIWARE,pending_double_blind_review
22,EXT-SC-022,scene_construction,medium,cucumber,greenhouse_hierarchy,SAREF4AGRI+FIWARE,pending_double_blind_review
23,EXT-SC-023,scene_construction,medium,lettuce,greenhouse_hierarchy,SAREF4AGRI+FIWARE,pending_double_blind_review
24,EXT-SC-024,scene_construction,medium,strawberry,greenhouse_hierarchy,SAREF4AGRI+FIWARE,pending_double_blind_review
25,EXT-SC-025,scene_construction,medium,bell_pepper,greenhouse_hierarchy,SAREF4AGRI+FIWARE,pending_double_blind_review
26,EXT-SC-026,scene_construction,medium,eggplant,greenhouse_hierarchy,SAREF4AGRI+FIWARE,pending_double_blind_review
27,EXT-SC-027,scene_construction,medium,basil,greenhouse_hierarchy,SAREF4AGRI+FIWARE,pending_double_blind_review
28,EXT-SC-028,scene_construction,medium,spinach,greenhouse_hierarchy,SAREF4AGRI+FIWARE,pending_double_blind_review
29,EXT-SC-029,scene_construction,medium,pak_choi,greenhouse_hierarchy,SAREF4AGRI+FIWARE,pending_double_blind_review
30,EXT-SC-030,scene_construction,medium,melon,greenhouse_hierarchy,SAREF4AGRI+FIWARE,pending_double_blind_review
31,EXT-SC-031,scene_construction,medium,green_bean,greenhouse_hierarchy,SAREF4AGRI+FIWARE,pending_double_blind_review
32,EXT-SC-032,scene_construction,medium,radish,greenhouse_hierarchy,SAREF4AGRI+FIWARE,pending_double_blind_review
33,EXT-SC-033,scene_construction,medium,cherry_tomato,greenhouse_hierarchy,SAREF4AGRI+FIWARE,pending_double_blind_review
34,EXT-SC-034,scene_construction,medium,dwarf_tomato,greenhouse_hierarchy,SAREF4AGRI+FIWARE,pending_double_blind_review
35,EXT-SC-035,scene_construction,medium,arugula,greenhouse_hierarchy,SAREF4AGRI+FIWARE,pending_double_blind_review
36,EXT-SC-036,scene_construction,medium,kale,greenhouse_hierarchy,SAREF4AGRI+FIWARE,pending_double_blind_review
37,EXT-SC-037,scene_construction,medium,celery,greenhouse_hierarchy,SAREF4AGRI+FIWARE,pending_double_blind_review
38,EXT-SC-038,scene_construction,medium,parsley,greenhouse_hierarchy,SAREF4AGRI+FIWARE,pending_double_blind_review
39,EXT-SC-039,scene_construction,medium,mint,greenhouse_hierarchy,SAREF4AGRI+FIWARE,pending_double_blind_review
40,EXT-SC-040,scene_construction,medium,coriander,greenhouse_hierarchy,SAREF4AGRI+FIWARE,pending_double_blind_review
41,EXT-SC-041,scene_construction,medium,tomato,greenhouse_hierarchy,SAREF4AGRI+FIWARE,pending_double_blind_review
42,EXT-SC-042,scene_construction,medium,cucumber,greenhouse_hierarchy,SAREF4AGRI+FIWARE,pending_double_blind_review
43,EXT-SC-043,scene_construction,medium,lettuce,greenhouse_hierarchy,SAREF4AGRI+FIWARE,pending_double_blind_review
44,EXT-SC-044,scene_construction,medium,strawberry,greenhouse_hierarchy,SAREF4AGRI+FIWARE,pending_double_blind_review
45,EXT-SC-045,scene_construction,medium,bell_pepper,greenhouse_hierarchy,SAREF4AGRI+FIWARE,pending_double_blind_review
46,EXT-SC-046,scene_construction,hard,eggplant,hierarchy_with_plot,SAREF4AGRI+FIWARE,pending_double_blind_review
47,EXT-SC-047,scene_construction,hard,basil,hierarchy_with_plot,SAREF4AGRI+FIWARE,pending_double_blind_review
48,EXT-SC-048,scene_construction,hard,spinach,hierarchy_with_plot,SAREF4AGRI+FIWARE,pending_double_blind_review
49,EXT-SC-049,scene_construction,hard,pak_choi,hierarchy_with_plot,SAREF4AGRI+FIWARE,pending_double_blind_review
50,EXT-SC-050,scene_construction,hard,melon,hierarchy_with_plot,SAREF4AGRI+FIWARE,pending_double_blind_review
51,EXT-SC-051,scene_construction,hard,green_bean,hierarchy_with_plot,SAREF4AGRI+FIWARE,pending_double_blind_review
52,EXT-SC-052,scene_construction,hard,radish,hierarchy_with_plot,SAREF4AGRI+FIWARE,pending_double_blind_review
53,EXT-SC-053,scene_construction,hard,cherry_tomato,hierarchy_with_plot,SAREF4AGRI+FIWARE,pending_double_blind_review
54,EXT-SC-054,scene_construction,hard,dwarf_tomato,hierarchy_with_plot,SAREF4AGRI+FIWARE,pending_double_blind_review
55,EXT-SC-055,scene_construction,hard,arugula,hierarchy_with_plot,SAREF4AGRI+FIWARE,pending_double_blind_review
56,EXT-SC-056,scene_construction,hard,kale,hierarchy_with_plot,SAREF4AGRI+FIWARE,pending_double_blind_review
57,EXT-SC-057,scene_construction,hard,celery,hierarchy_with_plot,SAREF4AGRI+FIWARE,pending_double_blind_review
58,EXT-SC-058,scene_construction,hard,parsley,hierarchy_with_plot,SAREF4AGRI+FIWARE,pending_double_blind_review
59,EXT-SC-059,scene_construction,hard,mint,hierarchy_with_plot,SAREF4AGRI+FIWARE,pending_double_blind_review
60,EXT-SC-060,scene_construction,hard,coriander,hierarchy_with_plot,SAREF4AGRI+FIWARE,pending_double_blind_review
61,EXT-AR-001,asset_routing,easy,eggplant,tiered_plant_asset,FIWARE+project-asset-policy,pending_double_blind_review
62,EXT-AR-002,asset_routing,easy,basil,tiered_plant_asset,FIWARE+project-asset-policy,pending_double_blind_review
63,EXT-AR-003,asset_routing,easy,spinach,tiered_plant_asset,FIWARE+project-asset-policy,pending_double_blind_review
64,EXT-AR-004,asset_routing,easy,pak_choi,tiered_plant_asset,FIWARE+project-asset-policy,pending_double_blind_review
65,EXT-AR-005,asset_routing,easy,melon,tiered_plant_asset,FIWARE+project-asset-policy,pending_double_blind_review
66,EXT-AR-006,asset_routing,easy,green_bean,tiered_plant_asset,FIWARE+project-asset-policy,pending_double_blind_review
67,EXT-AR-007,asset_routing,easy,radish,tiered_plant_asset,FIWARE+project-asset-policy,pending_double_blind_review
68,EXT-AR-008,asset_routing,easy,cherry_tomato,tiered_plant_asset,FIWARE+project-asset-policy,pending_double_blind_review
69,EXT-AR-009,asset_routing,easy,dwarf_tomato,tiered_plant_asset,FIWARE+project-asset-policy,pending_double_blind_review
70,EXT-AR-010,asset_routing,easy,arugula,tiered_plant_asset,FIWARE+project-asset-policy,pending_double_blind_review
71,EXT-AR-011,asset_routing,easy,kale,tiered_plant_asset,FIWARE+project-asset-policy,pending_double_blind_review
72,EXT-AR-012,asset_routing,easy,celery,tiered_plant_asset,FIWARE+project-asset-policy,pending_double_blind_review
73,EXT-AR-013,asset_routing,easy,parsley,tiered_plant_asset,FIWARE+project-asset-policy,pending_double_blind_review
74,EXT-AR-014,asset_routing,easy,mint,tiered_plant_asset,FIWARE+project-asset-policy,pending_double_blind_review
75,EXT-AR-015,asset_routing,easy,coriander,tiered_plant_asset,FIWARE+project-asset-policy,pending_double_blind_review
76,EXT-AR-016,asset_routing,medium,tomato,tiered_asset_with_placeholder,FIWARE+project-asset-policy,pending_double_blind_review
77,EXT-AR-017,asset_routing,medium,cucumber,tiered_asset_with_placeholder,FIWARE+project-asset-policy,pending_double_blind_review
78,EXT-AR-018,asset_routing,medium,lettuce,tiered_asset_with_placeholder,FIWARE+project-asset-policy,pending_double_blind_review
79,EXT-AR-019,asset_routing,medium,strawberry,tiered_asset_with_placeholder,FIWARE+project-asset-policy,pending_double_blind_review
80,EXT-AR-020,asset_routing,medium,bell_pepper,tiered_asset_with_placeholder,FIWARE+project-asset-policy,pending_double_blind_review
81,EXT-AR-021,asset_routing,medium,eggplant,tiered_asset_with_placeholder,FIWARE+project-asset-policy,pending_double_blind_review
82,EXT-AR-022,asset_routing,medium,basil,tiered_asset_with_placeholder,FIWARE+project-asset-policy,pending_double_blind_review
83,EXT-AR-023,asset_routing,medium,spinach,tiered_asset_with_placeholder,FIWARE+project-asset-policy,pending_double_blind_review
84,EXT-AR-024,asset_routing,medium,pak_choi,tiered_asset_with_placeholder,FIWARE+project-asset-policy,pending_double_blind_review
85,EXT-AR-025,asset_routing,medium,melon,tiered_asset_with_placeholder,FIWARE+project-asset-policy,pending_double_blind_review
86,EXT-AR-026,asset_routing,medium,green_bean,tiered_asset_with_placeholder,FIWARE+project-asset-policy,pending_double_blind_review
87,EXT-AR-027,asset_routing,medium,radish,tiered_asset_with_placeholder,FIWARE+project-asset-policy,pending_double_blind_review
88,EXT-AR-028,asset_routing,medium,cherry_tomato,tiered_asset_with_placeholder,FIWARE+project-asset-policy,pending_double_blind_review
89,EXT-AR-029,asset_routing,medium,dwarf_tomato,tiered_asset_with_placeholder,FIWARE+project-asset-policy,pending_double_blind_review
90,EXT-AR-030,asset_routing,medium,arugula,tiered_asset_with_placeholder,FIWARE+project-asset-policy,pending_double_blind_review
91,EXT-AR-031,asset_routing,medium,kale,tiered_asset_with_placeholder,FIWARE+project-asset-policy,pending_double_blind_review
92,EXT-AR-032,asset_routing,medium,celery,tiered_asset_with_placeholder,FIWARE+project-asset-policy,pending_double_blind_review
93,EXT-AR-033,asset_routing,medium,parsley,tiered_asset_with_placeholder,FIWARE+project-asset-policy,pending_double_blind_review
94,EXT-AR-034,asset_routing,medium,mint,tiered_asset_with_placeholder,FIWARE+project-asset-policy,pending_double_blind_review
95,EXT-AR-035,asset_routing,medium,coriander,tiered_asset_with_placeholder,FIWARE+project-asset-policy,pending_double_blind_review
96,EXT-AR-036,asset_routing,medium,tomato,tiered_asset_with_placeholder,FIWARE+project-asset-policy,pending_double_blind_review
97,EXT-AR-037,asset_routing,medium,cucumber,tiered_asset_with_placeholder,FIWARE+project-asset-policy,pending_double_blind_review
98,EXT-AR-038,asset_routing,medium,lettuce,tiered_asset_with_placeholder,FIWARE+project-asset-policy,pending_double_blind_review
99,EXT-AR-039,asset_routing,medium,strawberry,tiered_asset_with_placeholder,FIWARE+project-asset-policy,pending_double_blind_review
100,EXT-AR-040,asset_routing,medium,bell_pepper,tiered_asset_with_placeholder,FIWARE+project-asset-policy,pending_double_blind_review
101,EXT-AR-041,asset_routing,medium,eggplant,tiered_asset_with_placeholder,FIWARE+project-asset-policy,pending_double_blind_review
102,EXT-AR-042,asset_routing,medium,basil,tiered_asset_with_placeholder,FIWARE+project-asset-policy,pending_double_blind_review
103,EXT-AR-043,asset_routing,medium,spinach,tiered_asset_with_placeholder,FIWARE+project-asset-policy,pending_double_blind_review
104,EXT-AR-044,asset_routing,medium,pak_choi,tiered_asset_with_placeholder,FIWARE+project-asset-policy,pending_double_blind_review
105,EXT-AR-045,asset_routing,medium,melon,tiered_asset_with_placeholder,FIWARE+project-asset-policy,pending_double_blind_review
106,EXT-AR-046,asset_routing,hard,green_bean,tiered_asset_with_placeholder,FIWARE+project-asset-policy,pending_double_blind_review
107,EXT-AR-047,asset_routing,hard,radish,tiered_asset_with_placeholder,FIWARE+project-asset-policy,pending_double_blind_review
108,EXT-AR-048,asset_routing,hard,cherry_tomato,tiered_asset_with_placeholder,FIWARE+project-asset-policy,pending_double_blind_review
109,EXT-AR-049,asset_routing,hard,dwarf_tomato,tiered_asset_with_placeholder,FIWARE+project-asset-policy,pending_double_blind_review
110,EXT-AR-050,asset_routing,hard,arugula,tiered_asset_with_placeholder,FIWARE+project-asset-policy,pending_double_blind_review
111,EXT-AR-051,asset_routing,hard,kale,tiered_asset_with_placeholder,FIWARE+project-asset-policy,pending_double_blind_review
112,EXT-AR-052,asset_routing,hard,celery,tiered_asset_with_placeholder,FIWARE+project-asset-policy,pending_double_blind_review
113,EXT-AR-053,asset_routing,hard,parsley,tiered_asset_with_placeholder,FIWARE+project-asset-policy,pending_double_blind_review
114,EXT-AR-054,asset_routing,hard,mint,tiered_asset_with_placeholder,FIWARE+project-asset-policy,pending_double_blind_review
115,EXT-AR-055,asset_routing,hard,coriander,tiered_asset_with_placeholder,FIWARE+project-asset-policy,pending_double_blind_review
116,EXT-AR-056,asset_routing,hard,tomato,tiered_asset_with_placeholder,FIWARE+project-asset-policy,pending_double_blind_review
117,EXT-AR-057,asset_routing,hard,cucumber,tiered_asset_with_placeholder,FIWARE+project-asset-policy,pending_double_blind_review
118,EXT-AR-058,asset_routing,hard,lettuce,tiered_asset_with_placeholder,FIWARE+project-asset-policy,pending_double_blind_review
119,EXT-AR-059,asset_routing,hard,strawberry,tiered_asset_with_placeholder,FIWARE+project-asset-policy,pending_double_blind_review
120,EXT-AR-060,asset_routing,hard,bell_pepper,tiered_asset_with_placeholder,FIWARE+project-asset-policy,pending_double_blind_review
121,EXT-DB-001,data_binding,easy,green_bean,typed_sensor_trait_binding,SAREF4AGRI+W3C-SOSA-SSN,pending_double_blind_review
122,EXT-DB-002,data_binding,easy,radish,typed_sensor_trait_binding,SAREF4AGRI+W3C-SOSA-SSN,pending_double_blind_review
123,EXT-DB-003,data_binding,easy,cherry_tomato,typed_sensor_trait_binding,SAREF4AGRI+W3C-SOSA-SSN,pending_double_blind_review
124,EXT-DB-004,data_binding,easy,dwarf_tomato,typed_sensor_trait_binding,SAREF4AGRI+W3C-SOSA-SSN,pending_double_blind_review
125,EXT-DB-005,data_binding,easy,arugula,typed_sensor_trait_binding,SAREF4AGRI+W3C-SOSA-SSN,pending_double_blind_review
126,EXT-DB-006,data_binding,easy,kale,typed_sensor_trait_binding,SAREF4AGRI+W3C-SOSA-SSN,pending_double_blind_review
127,EXT-DB-007,data_binding,easy,celery,typed_sensor_trait_binding,SAREF4AGRI+W3C-SOSA-SSN,pending_double_blind_review
128,EXT-DB-008,data_binding,easy,parsley,typed_sensor_trait_binding,SAREF4AGRI+W3C-SOSA-SSN,pending_double_blind_review
129,EXT-DB-009,data_binding,easy,mint,typed_sensor_trait_binding,SAREF4AGRI+W3C-SOSA-SSN,pending_double_blind_review
130,EXT-DB-010,data_binding,easy,coriander,typed_sensor_trait_binding,SAREF4AGRI+W3C-SOSA-SSN,pending_double_blind_review
131,EXT-DB-011,data_binding,easy,tomato,typed_sensor_trait_binding,SAREF4AGRI+W3C-SOSA-SSN,pending_double_blind_review
132,EXT-DB-012,data_binding,easy,cucumber,typed_sensor_trait_binding,SAREF4AGRI+W3C-SOSA-SSN,pending_double_blind_review
133,EXT-DB-013,data_binding,easy,lettuce,typed_sensor_trait_binding,SAREF4AGRI+W3C-SOSA-SSN,pending_double_blind_review
134,EXT-DB-014,data_binding,easy,strawberry,typed_sensor_trait_binding,SAREF4AGRI+W3C-SOSA-SSN,pending_double_blind_review
135,EXT-DB-015,data_binding,easy,bell_pepper,typed_sensor_trait_binding,SAREF4AGRI+W3C-SOSA-SSN,pending_double_blind_review
136,EXT-DB-016,data_binding,medium,eggplant,typed_sensor_trait_binding,SAREF4AGRI+W3C-SOSA-SSN,pending_double_blind_review
137,EXT-DB-017,data_binding,medium,basil,typed_sensor_trait_binding,SAREF4AGRI+W3C-SOSA-SSN,pending_double_blind_review
138,EXT-DB-018,data_binding,medium,spinach,typed_sensor_trait_binding,SAREF4AGRI+W3C-SOSA-SSN,pending_double_blind_review
139,EXT-DB-019,data_binding,medium,pak_choi,typed_sensor_trait_binding,SAREF4AGRI+W3C-SOSA-SSN,pending_double_blind_review
140,EXT-DB-020,data_binding,medium,melon,typed_sensor_trait_binding,SAREF4AGRI+W3C-SOSA-SSN,pending_double_blind_review
141,EXT-DB-021,data_binding,medium,green_bean,typed_sensor_trait_binding,SAREF4AGRI+W3C-SOSA-SSN,pending_double_blind_review
142,EXT-DB-022,data_binding,medium,radish,typed_sensor_trait_binding,SAREF4AGRI+W3C-SOSA-SSN,pending_double_blind_review
143,EXT-DB-023,data_binding,medium,cherry_tomato,typed_sensor_trait_binding,SAREF4AGRI+W3C-SOSA-SSN,pending_double_blind_review
144,EXT-DB-024,data_binding,medium,dwarf_tomato,typed_sensor_trait_binding,SAREF4AGRI+W3C-SOSA-SSN,pending_double_blind_review
145,EXT-DB-025,data_binding,medium,arugula,typed_sensor_trait_binding,SAREF4AGRI+W3C-SOSA-SSN,pending_double_blind_review
146,EXT-DB-026,data_binding,medium,kale,typed_sensor_trait_binding,SAREF4AGRI+W3C-SOSA-SSN,pending_double_blind_review
147,EXT-DB-027,data_binding,medium,celery,typed_sensor_trait_binding,SAREF4AGRI+W3C-SOSA-SSN,pending_double_blind_review
148,EXT-DB-028,data_binding,medium,parsley,typed_sensor_trait_binding,SAREF4AGRI+W3C-SOSA-SSN,pending_double_blind_review
149,EXT-DB-029,data_binding,medium,mint,typed_sensor_trait_binding,SAREF4AGRI+W3C-SOSA-SSN,pending_double_blind_review
150,EXT-DB-030,data_binding,medium,coriander,typed_sensor_trait_binding,SAREF4AGRI+W3C-SOSA-SSN,pending_double_blind_review
151,EXT-DB-031,data_binding,medium,tomato,typed_sensor_trait_binding,SAREF4AGRI+W3C-SOSA-SSN,pending_double_blind_review
152,EXT-DB-032,data_binding,medium,cucumber,typed_sensor_trait_binding,SAREF4AGRI+W3C-SOSA-SSN,pending_double_blind_review
153,EXT-DB-033,data_binding,medium,lettuce,typed_sensor_trait_binding,SAREF4AGRI+W3C-SOSA-SSN,pending_double_blind_review
154,EXT-DB-034,data_binding,medium,strawberry,typed_sensor_trait_binding,SAREF4AGRI+W3C-SOSA-SSN,pending_double_blind_review
155,EXT-DB-035,data_binding,medium,bell_pepper,typed_sensor_trait_binding,SAREF4AGRI+W3C-SOSA-SSN,pending_double_blind_review
156,EXT-DB-036,data_binding,medium,eggplant,typed_sensor_trait_binding,SAREF4AGRI+W3C-SOSA-SSN,pending_double_blind_review
157,EXT-DB-037,data_binding,medium,basil,typed_sensor_trait_binding,SAREF4AGRI+W3C-SOSA-SSN,pending_double_blind_review
158,EXT-DB-038,data_binding,medium,spinach,typed_sensor_trait_binding,SAREF4AGRI+W3C-SOSA-SSN,pending_double_blind_review
159,EXT-DB-039,data_binding,medium,pak_choi,typed_sensor_trait_binding,SAREF4AGRI+W3C-SOSA-SSN,pending_double_blind_review
160,EXT-DB-040,data_binding,medium,melon,typed_sensor_trait_binding,SAREF4AGRI+W3C-SOSA-SSN,pending_double_blind_review
161,EXT-DB-041,data_binding,medium,green_bean,typed_sensor_trait_binding,SAREF4AGRI+W3C-SOSA-SSN,pending_double_blind_review
162,EXT-DB-042,data_binding,medium,radish,typed_sensor_trait_binding,SAREF4AGRI+W3C-SOSA-SSN,pending_double_blind_review
163,EXT-DB-043,data_binding,medium,cherry_tomato,typed_sensor_trait_binding,SAREF4AGRI+W3C-SOSA-SSN,pending_double_blind_review
164,EXT-DB-044,data_binding,medium,dwarf_tomato,typed_sensor_trait_binding,SAREF4AGRI+W3C-SOSA-SSN,pending_double_blind_review
165,EXT-DB-045,data_binding,medium,arugula,typed_sensor_trait_binding,SAREF4AGRI+W3C-SOSA-SSN,pending_double_blind_review
166,EXT-DB-046,data_binding,hard,kale,multirow_multimetric_binding,SAREF4AGRI+W3C-SOSA-SSN,pending_double_blind_review
167,EXT-DB-047,data_binding,hard,celery,multirow_multimetric_binding,SAREF4AGRI+W3C-SOSA-SSN,pending_double_blind_review
168,EXT-DB-048,data_binding,hard,parsley,multirow_multimetric_binding,SAREF4AGRI+W3C-SOSA-SSN,pending_double_blind_review
169,EXT-DB-049,data_binding,hard,mint,multirow_multimetric_binding,SAREF4AGRI+W3C-SOSA-SSN,pending_double_blind_review
170,EXT-DB-050,data_binding,hard,coriander,multirow_multimetric_binding,SAREF4AGRI+W3C-SOSA-SSN,pending_double_blind_review
171,EXT-DB-051,data_binding,hard,tomato,multirow_multimetric_binding,SAREF4AGRI+W3C-SOSA-SSN,pending_double_blind_review
172,EXT-DB-052,data_binding,hard,cucumber,multirow_multimetric_binding,SAREF4AGRI+W3C-SOSA-SSN,pending_double_blind_review
173,EXT-DB-053,data_binding,hard,lettuce,multirow_multimetric_binding,SAREF4AGRI+W3C-SOSA-SSN,pending_double_blind_review
174,EXT-DB-054,data_binding,hard,strawberry,multirow_multimetric_binding,SAREF4AGRI+W3C-SOSA-SSN,pending_double_blind_review
175,EXT-DB-055,data_binding,hard,bell_pepper,multirow_multimetric_binding,SAREF4AGRI+W3C-SOSA-SSN,pending_double_blind_review
176,EXT-DB-056,data_binding,hard,eggplant,multirow_multimetric_binding,SAREF4AGRI+W3C-SOSA-SSN,pending_double_blind_review
177,EXT-DB-057,data_binding,hard,basil,multirow_multimetric_binding,SAREF4AGRI+W3C-SOSA-SSN,pending_double_blind_review
178,EXT-DB-058,data_binding,hard,spinach,multirow_multimetric_binding,SAREF4AGRI+W3C-SOSA-SSN,pending_double_blind_review
179,EXT-DB-059,data_binding,hard,pak_choi,multirow_multimetric_binding,SAREF4AGRI+W3C-SOSA-SSN,pending_double_blind_review
180,EXT-DB-060,data_binding,hard,melon,multirow_multimetric_binding,SAREF4AGRI+W3C-SOSA-SSN,pending_double_blind_review
181,EXT-RR-001,rule_repair,easy,n/a,typed_asset_mismatch_pump,SAREF4AGRI+project-repair-contract,pending_double_blind_review
182,EXT-RR-002,rule_repair,easy,n/a,typed_asset_mismatch_irrigation,SAREF4AGRI+project-repair-contract,pending_double_blind_review
183,EXT-RR-003,rule_repair,easy,n/a,typed_asset_mismatch_camera,SAREF4AGRI+project-repair-contract,pending_double_blind_review
184,EXT-RR-004,rule_repair,easy,n/a,typed_asset_mismatch_sensor,SAREF4AGRI+project-repair-contract,pending_double_blind_review
185,EXT-RR-005,rule_repair,easy,n/a,typed_asset_mismatch_pump,SAREF4AGRI+project-repair-contract,pending_double_blind_review
186,EXT-RR-006,rule_repair,easy,n/a,typed_asset_mismatch_irrigation,SAREF4AGRI+project-repair-contract,pending_double_blind_review
187,EXT-RR-007,rule_repair,easy,n/a,typed_asset_mismatch_camera,SAREF4AGRI+project-repair-contract,pending_double_blind_review
188,EXT-RR-008,rule_repair,easy,n/a,typed_asset_mismatch_sensor,SAREF4AGRI+project-repair-contract,pending_double_blind_review
189,EXT-RR-009,rule_repair,easy,n/a,typed_asset_mismatch_pump,SAREF4AGRI+project-repair-contract,pending_double_blind_review
190,EXT-RR-010,rule_repair,easy,n/a,typed_asset_mismatch_irrigation,SAREF4AGRI+project-repair-contract,pending_double_blind_review
191,EXT-RR-011,rule_repair,easy,n/a,typed_asset_mismatch_camera,SAREF4AGRI+project-repair-contract,pending_double_blind_review
192,EXT-RR-012,rule_repair,easy,n/a,typed_asset_mismatch_sensor,SAREF4AGRI+project-repair-contract,pending_double_blind_review
193,EXT-RR-013,rule_repair,easy,n/a,typed_asset_mismatch_pump,SAREF4AGRI+project-repair-contract,pending_double_blind_review
194,EXT-RR-014,rule_repair,easy,n/a,typed_asset_mismatch_irrigation,SAREF4AGRI+project-repair-contract,pending_double_blind_review
195,EXT-RR-015,rule_repair,easy,n/a,typed_asset_mismatch_camera,SAREF4AGRI+project-repair-contract,pending_double_blind_review
196,EXT-RR-016,rule_repair,medium,n/a,typed_asset_mismatch_sensor,SAREF4AGRI+project-repair-contract,pending_double_blind_review
197,EXT-RR-017,rule_repair,medium,n/a,typed_asset_mismatch_pump,SAREF4AGRI+project-repair-contract,pending_double_blind_review
198,EXT-RR-018,rule_repair,medium,n/a,typed_asset_mismatch_irrigation,SAREF4AGRI+project-repair-contract,pending_double_blind_review
199,EXT-RR-019,rule_repair,medium,n/a,typed_asset_mismatch_camera,SAREF4AGRI+project-repair-contract,pending_double_blind_review
200,EXT-RR-020,rule_repair,medium,n/a,typed_asset_mismatch_sensor,SAREF4AGRI+project-repair-contract,pending_double_blind_review
201,EXT-RR-021,rule_repair,medium,n/a,typed_asset_mismatch_pump,SAREF4AGRI+project-repair-contract,pending_double_blind_review
202,EXT-RR-022,rule_repair,medium,n/a,typed_asset_mismatch_irrigation,SAREF4AGRI+project-repair-contract,pending_double_blind_review
203,EXT-RR-023,rule_repair,medium,n/a,typed_asset_mismatch_camera,SAREF4AGRI+project-repair-contract,pending_double_blind_review
204,EXT-RR-024,rule_repair,medium,n/a,typed_asset_mismatch_sensor,SAREF4AGRI+project-repair-contract,pending_double_blind_review
205,EXT-RR-025,rule_repair,medium,n/a,typed_asset_mismatch_pump,SAREF4AGRI+project-repair-contract,pending_double_blind_review
206,EXT-RR-026,rule_repair,medium,n/a,typed_asset_mismatch_irrigation,SAREF4AGRI+project-repair-contract,pending_double_blind_review
207,EXT-RR-027,rule_repair,medium,n/a,typed_asset_mismatch_camera,SAREF4AGRI+project-repair-contract,pending_double_blind_review
208,EXT-RR-028,rule_repair,medium,n/a,typed_asset_mismatch_sensor,SAREF4AGRI+project-repair-contract,pending_double_blind_review
209,EXT-RR-029,rule_repair,medium,n/a,typed_asset_mismatch_pump,SAREF4AGRI+project-repair-contract,pending_double_blind_review
210,EXT-RR-030,rule_repair,medium,n/a,typed_asset_mismatch_irrigation,SAREF4AGRI+project-repair-contract,pending_double_blind_review
211,EXT-RR-031,rule_repair,medium,n/a,typed_asset_mismatch_camera,SAREF4AGRI+project-repair-contract,pending_double_blind_review
212,EXT-RR-032,rule_repair,medium,n/a,typed_asset_mismatch_sensor,SAREF4AGRI+project-repair-contract,pending_double_blind_review
213,EXT-RR-033,rule_repair,medium,n/a,typed_asset_mismatch_pump,SAREF4AGRI+project-repair-contract,pending_double_blind_review
214,EXT-RR-034,rule_repair,medium,n/a,typed_asset_mismatch_irrigation,SAREF4AGRI+project-repair-contract,pending_double_blind_review
215,EXT-RR-035,rule_repair,medium,n/a,typed_asset_mismatch_camera,SAREF4AGRI+project-repair-contract,pending_double_blind_review
216,EXT-RR-036,rule_repair,medium,n/a,typed_asset_mismatch_sensor,SAREF4AGRI+project-repair-contract,pending_double_blind_review
217,EXT-RR-037,rule_repair,medium,n/a,typed_asset_mismatch_pump,SAREF4AGRI+project-repair-contract,pending_double_blind_review
218,EXT-RR-038,rule_repair,medium,n/a,typed_asset_mismatch_irrigation,SAREF4AGRI+project-repair-contract,pending_double_blind_review
219,EXT-RR-039,rule_repair,medium,n/a,typed_asset_mismatch_camera,SAREF4AGRI+project-repair-contract,pending_double_blind_review
220,EXT-RR-040,rule_repair,medium,n/a,typed_asset_mismatch_sensor,SAREF4AGRI+project-repair-contract,pending_double_blind_review
221,EXT-RR-041,rule_repair,medium,n/a,typed_asset_mismatch_pump,SAREF4AGRI+project-repair-contract,pending_double_blind_review
222,EXT-RR-042,rule_repair,medium,n/a,typed_asset_mismatch_irrigation,SAREF4AGRI+project-repair-contract,pending_double_blind_review
223,EXT-RR-043,rule_repair,medium,n/a,typed_asset_mismatch_camera,SAREF4AGRI+project-repair-contract,pending_double_blind_review
224,EXT-RR-044,rule_repair,medium,n/a,typed_asset_mismatch_sensor,SAREF4AGRI+project-repair-contract,pending_double_blind_review
225,EXT-RR-045,rule_repair,medium,n/a,typed_asset_mismatch_pump,SAREF4AGRI+project-repair-contract,pending_double_blind_review
226,EXT-RR-046,rule_repair,hard,n/a,typed_asset_mismatch_irrigation,SAREF4AGRI+project-repair-contract,pending_double_blind_review
227,EXT-RR-047,rule_repair,hard,n/a,typed_asset_mismatch_camera,SAREF4AGRI+project-repair-contract,pending_double_blind_review
228,EXT-RR-048,rule_repair,hard,n/a,typed_asset_mismatch_sensor,SAREF4AGRI+project-repair-contract,pending_double_blind_review
229,EXT-RR-049,rule_repair,hard,n/a,typed_asset_mismatch_pump,SAREF4AGRI+project-repair-contract,pending_double_blind_review
230,EXT-RR-050,rule_repair,hard,n/a,typed_asset_mismatch_irrigation,SAREF4AGRI+project-repair-contract,pending_double_blind_review
231,EXT-RR-051,rule_repair,hard,n/a,typed_asset_mismatch_camera,SAREF4AGRI+project-repair-contract,pending_double_blind_review
232,EXT-RR-052,rule_repair,hard,n/a,typed_asset_mismatch_sensor,SAREF4AGRI+project-repair-contract,pending_double_blind_review
233,EXT-RR-053,rule_repair,hard,n/a,typed_asset_mismatch_pump,SAREF4AGRI+project-repair-contract,pending_double_blind_review
234,EXT-RR-054,rule_repair,hard,n/a,typed_asset_mismatch_irrigation,SAREF4AGRI+project-repair-contract,pending_double_blind_review
235,EXT-RR-055,rule_repair,hard,n/a,typed_asset_mismatch_camera,SAREF4AGRI+project-repair-contract,pending_double_blind_review
236,EXT-RR-056,rule_repair,hard,n/a,typed_asset_mismatch_sensor,SAREF4AGRI+project-repair-contract,pending_double_blind_review
237,EXT-RR-057,rule_repair,hard,n/a,typed_asset_mismatch_pump,SAREF4AGRI+project-repair-contract,pending_double_blind_review
238,EXT-RR-058,rule_repair,hard,n/a,typed_asset_mismatch_irrigation,SAREF4AGRI+project-repair-contract,pending_double_blind_review
239,EXT-RR-059,rule_repair,hard,n/a,typed_asset_mismatch_camera,SAREF4AGRI+project-repair-contract,pending_double_blind_review
240,EXT-RR-060,rule_repair,hard,n/a,typed_asset_mismatch_sensor,SAREF4AGRI+project-repair-contract,pending_double_blind_review
241,EXT-MQ-001,memory_query,easy,cucumber,bounded_timeseries_with_interference,WUR-AGC-scenario-informed-synthetic,pending_double_blind_review
242,EXT-MQ-002,memory_query,easy,cherry_tomato,bounded_timeseries_with_interference,WUR-AGC-scenario-informed-synthetic,pending_double_blind_review
243,EXT-MQ-003,memory_query,easy,lettuce,bounded_timeseries_with_interference,WUR-AGC-scenario-informed-synthetic,pending_double_blind_review
244,EXT-MQ-004,memory_query,easy,dwarf_tomato,bounded_timeseries_with_interference,WUR-AGC-scenario-informed-synthetic,pending_double_blind_review
245,EXT-MQ-005,memory_query,easy,cucumber,bounded_timeseries_with_interference,WUR-AGC-scenario-informed-synthetic,pending_double_blind_review
246,EXT-MQ-006,memory_query,easy,cherry_tomato,bounded_timeseries_with_interference,WUR-AGC-scenario-informed-synthetic,pending_double_blind_review
247,EXT-MQ-007,memory_query,easy,lettuce,bounded_timeseries_with_interference,WUR-AGC-scenario-informed-synthetic,pending_double_blind_review
248,EXT-MQ-008,memory_query,easy,dwarf_tomato,bounded_timeseries_with_interference,WUR-AGC-scenario-informed-synthetic,pending_double_blind_review
249,EXT-MQ-009,memory_query,easy,cucumber,bounded_timeseries_with_interference,WUR-AGC-scenario-informed-synthetic,pending_double_blind_review
250,EXT-MQ-010,memory_query,easy,cherry_tomato,bounded_timeseries_with_interference,WUR-AGC-scenario-informed-synthetic,pending_double_blind_review
251,EXT-MQ-011,memory_query,easy,lettuce,bounded_timeseries_with_interference,WUR-AGC-scenario-informed-synthetic,pending_double_blind_review
252,EXT-MQ-012,memory_query,easy,dwarf_tomato,bounded_timeseries_with_interference,WUR-AGC-scenario-informed-synthetic,pending_double_blind_review
253,EXT-MQ-013,memory_query,easy,cucumber,bounded_timeseries_with_interference,WUR-AGC-scenario-informed-synthetic,pending_double_blind_review
254,EXT-MQ-014,memory_query,easy,cherry_tomato,bounded_timeseries_with_interference,WUR-AGC-scenario-informed-synthetic,pending_double_blind_review
255,EXT-MQ-015,memory_query,easy,lettuce,bounded_timeseries_with_interference,WUR-AGC-scenario-informed-synthetic,pending_double_blind_review
256,EXT-MQ-016,memory_query,medium,dwarf_tomato,bounded_timeseries_with_interference,WUR-AGC-scenario-informed-synthetic,pending_double_blind_review
257,EXT-MQ-017,memory_query,medium,cucumber,bounded_timeseries_with_interference,WUR-AGC-scenario-informed-synthetic,pending_double_blind_review
258,EXT-MQ-018,memory_query,medium,cherry_tomato,bounded_timeseries_with_interference,WUR-AGC-scenario-informed-synthetic,pending_double_blind_review
259,EXT-MQ-019,memory_query,medium,lettuce,bounded_timeseries_with_interference,WUR-AGC-scenario-informed-synthetic,pending_double_blind_review
260,EXT-MQ-020,memory_query,medium,dwarf_tomato,bounded_timeseries_with_interference,WUR-AGC-scenario-informed-synthetic,pending_double_blind_review
261,EXT-MQ-021,memory_query,medium,cucumber,bounded_timeseries_with_interference,WUR-AGC-scenario-informed-synthetic,pending_double_blind_review
262,EXT-MQ-022,memory_query,medium,cherry_tomato,bounded_timeseries_with_interference,WUR-AGC-scenario-informed-synthetic,pending_double_blind_review
263,EXT-MQ-023,memory_query,medium,lettuce,bounded_timeseries_with_interference,WUR-AGC-scenario-informed-synthetic,pending_double_blind_review
264,EXT-MQ-024,memory_query,medium,dwarf_tomato,bounded_timeseries_with_interference,WUR-AGC-scenario-informed-synthetic,pending_double_blind_review
265,EXT-MQ-025,memory_query,medium,cucumber,bounded_timeseries_with_interference,WUR-AGC-scenario-informed-synthetic,pending_double_blind_review
266,EXT-MQ-026,memory_query,medium,cherry_tomato,bounded_timeseries_with_interference,WUR-AGC-scenario-informed-synthetic,pending_double_blind_review
267,EXT-MQ-027,memory_query,medium,lettuce,bounded_timeseries_with_interference,WUR-AGC-scenario-informed-synthetic,pending_double_blind_review
268,EXT-MQ-028,memory_query,medium,dwarf_tomato,bounded_timeseries_with_interference,WUR-AGC-scenario-informed-synthetic,pending_double_blind_review
269,EXT-MQ-029,memory_query,medium,cucumber,bounded_timeseries_with_interference,WUR-AGC-scenario-informed-synthetic,pending_double_blind_review
270,EXT-MQ-030,memory_query,medium,cherry_tomato,bounded_timeseries_with_interference,WUR-AGC-scenario-informed-synthetic,pending_double_blind_review
271,EXT-MQ-031,memory_query,medium,lettuce,bounded_timeseries_with_interference,WUR-AGC-scenario-informed-synthetic,pending_double_blind_review
272,EXT-MQ-032,memory_query,medium,dwarf_tomato,bounded_timeseries_with_interference,WUR-AGC-scenario-informed-synthetic,pending_double_blind_review
273,EXT-MQ-033,memory_query,medium,cucumber,bounded_timeseries_with_interference,WUR-AGC-scenario-informed-synthetic,pending_double_blind_review
274,EXT-MQ-034,memory_query,medium,cherry_tomato,bounded_timeseries_with_interference,WUR-AGC-scenario-informed-synthetic,pending_double_blind_review
275,EXT-MQ-035,memory_query,medium,lettuce,bounded_timeseries_with_interference,WUR-AGC-scenario-informed-synthetic,pending_double_blind_review
276,EXT-MQ-036,memory_query,medium,dwarf_tomato,bounded_timeseries_with_interference,WUR-AGC-scenario-informed-synthetic,pending_double_blind_review
277,EXT-MQ-037,memory_query,medium,cucumber,bounded_timeseries_with_interference,WUR-AGC-scenario-informed-synthetic,pending_double_blind_review
278,EXT-MQ-038,memory_query,medium,cherry_tomato,bounded_timeseries_with_interference,WUR-AGC-scenario-informed-synthetic,pending_double_blind_review
279,EXT-MQ-039,memory_query,medium,lettuce,bounded_timeseries_with_interference,WUR-AGC-scenario-informed-synthetic,pending_double_blind_review
280,EXT-MQ-040,memory_query,medium,dwarf_tomato,bounded_timeseries_with_interference,WUR-AGC-scenario-informed-synthetic,pending_double_blind_review
281,EXT-MQ-041,memory_query,medium,cucumber,bounded_timeseries_with_interference,WUR-AGC-scenario-informed-synthetic,pending_double_blind_review
282,EXT-MQ-042,memory_query,medium,cherry_tomato,bounded_timeseries_with_interference,WUR-AGC-scenario-informed-synthetic,pending_double_blind_review
283,EXT-MQ-043,memory_query,medium,lettuce,bounded_timeseries_with_interference,WUR-AGC-scenario-informed-synthetic,pending_double_blind_review
284,EXT-MQ-044,memory_query,medium,dwarf_tomato,bounded_timeseries_with_interference,WUR-AGC-scenario-informed-synthetic,pending_double_blind_review
285,EXT-MQ-045,memory_query,medium,cucumber,bounded_timeseries_with_interference,WUR-AGC-scenario-informed-synthetic,pending_double_blind_review
286,EXT-MQ-046,memory_query,hard,cherry_tomato,bounded_timeseries_with_interference,WUR-AGC-scenario-informed-synthetic,pending_double_blind_review
287,EXT-MQ-047,memory_query,hard,lettuce,bounded_timeseries_with_interference,WUR-AGC-scenario-informed-synthetic,pending_double_blind_review
288,EXT-MQ-048,memory_query,hard,dwarf_tomato,bounded_timeseries_with_interference,WUR-AGC-scenario-informed-synthetic,pending_double_blind_review
289,EXT-MQ-049,memory_query,hard,cucumber,bounded_timeseries_with_interference,WUR-AGC-scenario-informed-synthetic,pending_double_blind_review
290,EXT-MQ-050,memory_query,hard,cherry_tomato,bounded_timeseries_with_interference,WUR-AGC-scenario-informed-synthetic,pending_double_blind_review
291,EXT-MQ-051,memory_query,hard,lettuce,bounded_timeseries_with_interference,WUR-AGC-scenario-informed-synthetic,pending_double_blind_review
292,EXT-MQ-052,memory_query,hard,dwarf_tomato,bounded_timeseries_with_interference,WUR-AGC-scenario-informed-synthetic,pending_double_blind_review
293,EXT-MQ-053,memory_query,hard,cucumber,bounded_timeseries_with_interference,WUR-AGC-scenario-informed-synthetic,pending_double_blind_review
294,EXT-MQ-054,memory_query,hard,cherry_tomato,bounded_timeseries_with_interference,WUR-AGC-scenario-informed-synthetic,pending_double_blind_review
295,EXT-MQ-055,memory_query,hard,lettuce,bounded_timeseries_with_interference,WUR-AGC-scenario-informed-synthetic,pending_double_blind_review
296,EXT-MQ-056,memory_query,hard,dwarf_tomato,bounded_timeseries_with_interference,WUR-AGC-scenario-informed-synthetic,pending_double_blind_review
297,EXT-MQ-057,memory_query,hard,cucumber,bounded_timeseries_with_interference,WUR-AGC-scenario-informed-synthetic,pending_double_blind_review
298,EXT-MQ-058,memory_query,hard,cherry_tomato,bounded_timeseries_with_interference,WUR-AGC-scenario-informed-synthetic,pending_double_blind_review
299,EXT-MQ-059,memory_query,hard,lettuce,bounded_timeseries_with_interference,WUR-AGC-scenario-informed-synthetic,pending_double_blind_review
300,EXT-MQ-060,memory_query,hard,dwarf_tomato,bounded_timeseries_with_interference,WUR-AGC-scenario-informed-synthetic,pending_double_blind_review
