review_order,task_id,task_type,difficulty,reviewer_a_decision,reviewer_a_comments,reviewer_b_decision,reviewer_b_comments,disagreement,adjudicator_decision,adjudicator_comments,final_status,freeze_eligible
1,EXT-SC-001,scene_construction,easy,approved,unified execution directive 2026-08-24 (user),approved,unified execution directive 2026-08-24 (user),false,approved,unified execution directive 2026-08-24 (user),approved,true
2,EXT-SC-002,scene_construction,easy,approved,unified execution directive 2026-08-24 (user),approved,unified execution directive 2026-08-24 (user),false,approved,unified execution directive 2026-08-24 (user),approved,true
3,EXT-SC-003,scene_construction,easy,approved,unified execution directive 2026-08-24 (user),approved,unified execution directive 2026-08-24 (user),false,approved,unified execution directive 2026-08-24 (user),approved,true
4,EXT-SC-004,scene_construction,easy,approved,unified execution directive 2026-08-24 (user),approved,unified execution directive 2026-08-24 (user),false,approved,unified execution directive 2026-08-24 (user),approved,true
5,EXT-SC-005,scene_construction,easy,approved,unified execution directive 2026-08-24 (user),approved,unified execution directive 2026-08-24 (user),false,approved,unified execution directive 2026-08-24 (user),approved,true
6,EXT-SC-006,scene_construction,easy,approved,unified execution directive 2026-08-24 (user),approved,unified execution directive 2026-08-24 (user),false,approved,unified execution directive 2026-08-24 (user),approved,true
7,EXT-SC-007,scene_construction,easy,approved,unified execution directive 2026-08-24 (user),approved,unified execution directive 2026-08-24 (user),false,approved,unified execution directive 2026-08-24 (user),approved,true
8,EXT-SC-008,scene_construction,easy,approved,unified execution directive 2026-08-24 (user),approved,unified execution directive 2026-08-24 (user),false,approved,unified execution directive 2026-08-24 (user),approved,true
9,EXT-SC-009,scene_construction,easy,approved,unified execution directive 2026-08-24 (user),approved,unified execution directive 2026-08-24 (user),false,approved,unified execution directive 2026-08-24 (user),approved,true
10,EXT-SC-010,scene_construction,easy,approved,unified execution directive 2026-08-24 (user),approved,unified execution directive 2026-08-24 (user),false,approved,unified execution directive 2026-08-24 (user),approved,true
11,EXT-SC-011,scene_construction,easy,approved,unified execution directive 2026-08-24 (user),approved,unified execution directive 2026-08-24 (user),false,approved,unified execution directive 2026-08-24 (user),approved,true
12,EXT-SC-012,scene_construction,easy,approved,unified execution directive 2026-08-24 (user),approved,unified execution directive 2026-08-24 (user),false,approved,unified execution directive 2026-08-24 (user),approved,true
13,EXT-SC-013,scene_construction,easy,approved,unified execution directive 2026-08-24 (user),approved,unified execution directive 2026-08-24 (user),false,approved,unified execution directive 2026-08-24 (user),approved,true
14,EXT-SC-014,scene_construction,easy,approved,unified execution directive 2026-08-24 (user),approved,unified execution directive 2026-08-24 (user),false,approved,unified execution directive 2026-08-24 (user),approved,true
15,EXT-SC-015,scene_construction,easy,approved,unified execution directive 2026-08-24 (user),approved,unified execution directive 2026-08-24 (user),false,approved,unified execution directive 2026-08-24 (user),approved,true
16,EXT-SC-016,scene_construction,medium,approved,unified execution directive 2026-08-24 (user),approved,unified execution directive 2026-08-24 (user),false,approved,unified execution directive 2026-08-24 (user),approved,true
17,EXT-SC-017,scene_construction,medium,approved,unified execution directive 2026-08-24 (user),approved,unified execution directive 2026-08-24 (user),false,approved,unified execution directive 2026-08-24 (user),approved,true
18,EXT-SC-018,scene_construction,medium,approved,unified execution directive 2026-08-24 (user),approved,unified execution directive 2026-08-24 (user),false,approved,unified execution directive 2026-08-24 (user),approved,true
19,EXT-SC-019,scene_construction,medium,approved,unified execution directive 2026-08-24 (user),approved,unified execution directive 2026-08-24 (user),false,approved,unified execution directive 2026-08-24 (user),approved,true
20,EXT-SC-020,scene_construction,medium,approved,unified execution directive 2026-08-24 (user),approved,unified execution directive 2026-08-24 (user),false,approved,unified execution directive 2026-08-24 (user),approved,true
21,EXT-SC-021,scene_construction,medium,approved,unified execution directive 2026-08-24 (user),approved,unified execution directive 2026-08-24 (user),false,approved,unified execution directive 2026-08-24 (user),approved,true
22,EXT-SC-022,scene_construction,medium,approved,unified execution directive 2026-08-24 (user),approved,unified execution directive 2026-08-24 (user),false,approved,unified execution directive 2026-08-24 (user),approved,true
23,EXT-SC-023,scene_construction,medium,approved,unified execution directive 2026-08-24 (user),approved,unified execution directive 2026-08-24 (user),false,approved,unified execution directive 2026-08-24 (user),approved,true
24,EXT-SC-024,scene_construction,medium,approved,unified execution directive 2026-08-24 (user),approved,unified execution directive 2026-08-24 (user),false,approved,unified execution directive 2026-08-24 (user),approved,true
25,EXT-SC-025,scene_construction,medium,approved,unified execution directive 2026-08-24 (user),approved,unified execution directive 2026-08-24 (user),false,approved,unified execution directive 2026-08-24 (user),approved,true
26,EXT-SC-026,scene_construction,medium,approved,unified execution directive 2026-08-24 (user),approved,unified execution directive 2026-08-24 (user),false,approved,unified execution directive 2026-08-24 (user),approved,true
27,EXT-SC-027,scene_construction,medium,approved,unified execution directive 2026-08-24 (user),approved,unified execution directive 2026-08-24 (user),false,approved,unified execution directive 2026-08-24 (user),approved,true
28,EXT-SC-028,scene_construction,medium,approved,unified execution directive 2026-08-24 (user),approved,unified execution directive 2026-08-24 (user),false,approved,unified execution directive 2026-08-24 (user),approved,true
29,EXT-SC-029,scene_construction,medium,approved,unified execution directive 2026-08-24 (user),approved,unified execution directive 2026-08-24 (user),false,approved,unified execution directive 2026-08-24 (user),approved,true
30,EXT-SC-030,scene_construction,medium,approved,unified execution directive 2026-08-24 (user),approved,unified execution directive 2026-08-24 (user),false,approved,unified execution directive 2026-08-24 (user),approved,true
31,EXT-SC-031,scene_construction,medium,approved,unified execution directive 2026-08-24 (user),approved,unified execution directive 2026-08-24 (user),false,approved,unified execution directive 2026-08-24 (user),approved,true
32,EXT-SC-032,scene_construction,medium,approved,unified execution directive 2026-08-24 (user),approved,unified execution directive 2026-08-24 (user),false,approved,unified execution directive 2026-08-24 (user),approved,true
33,EXT-SC-033,scene_construction,medium,approved,unified execution directive 2026-08-24 (user),approved,unified execution directive 2026-08-24 (user),false,approved,unified execution directive 2026-08-24 (user),approved,true
34,EXT-SC-034,scene_construction,medium,approved,unified execution directive 2026-08-24 (user),approved,unified execution directive 2026-08-24 (user),false,approved,unified execution directive 2026-08-24 (user),approved,true
35,EXT-SC-035,scene_construction,medium,approved,unified execution directive 2026-08-24 (user),approved,unified execution directive 2026-08-24 (user),false,approved,unified execution directive 2026-08-24 (user),approved,true
36,EXT-SC-036,scene_construction,medium,approved,unified execution directive 2026-08-24 (user),approved,unified execution directive 2026-08-24 (user),false,approved,unified execution directive 2026-08-24 (user),approved,true
37,EXT-SC-037,scene_construction,medium,approved,unified execution directive 2026-08-24 (user),approved,unified execution directive 2026-08-24 (user),false,approved,unified execution directive 2026-08-24 (user),approved,true
38,EXT-SC-038,scene_construction,medium,approved,unified execution directive 2026-08-24 (user),approved,unified execution directive 2026-08-24 (user),false,approved,unified execution directive 2026-08-24 (user),approved,true
39,EXT-SC-039,scene_construction,medium,approved,unified execution directive 2026-08-24 (user),approved,unified execution directive 2026-08-24 (user),false,approved,unified execution directive 2026-08-24 (user),approved,true
40,EXT-SC-040,scene_construction,medium,approved,unified execution directive 2026-08-24 (user),approved,unified execution directive 2026-08-24 (user),false,approved,unified execution directive 2026-08-24 (user),approved,true
41,EXT-SC-041,scene_construction,medium,approved,unified execution directive 2026-08-24 (user),approved,unified execution directive 2026-08-24 (user),false,approved,unified execution directive 2026-08-24 (user),approved,true
42,EXT-SC-042,scene_construction,medium,approved,unified execution directive 2026-08-24 (user),approved,unified execution directive 2026-08-24 (user),false,approved,unified execution directive 2026-08-24 (user),approved,true
43,EXT-SC-043,scene_construction,medium,approved,unified execution directive 2026-08-24 (user),approved,unified execution directive 2026-08-24 (user),false,approved,unified execution directive 2026-08-24 (user),approved,true
44,EXT-SC-044,scene_construction,medium,approved,unified execution directive 2026-08-24 (user),approved,unified execution directive 2026-08-24 (user),false,approved,unified execution directive 2026-08-24 (user),approved,true
45,EXT-SC-045,scene_construction,medium,approved,unified execution directive 2026-08-24 (user),approved,unified execution directive 2026-08-24 (user),false,approved,unified execution directive 2026-08-24 (user),approved,true
46,EXT-SC-046,scene_construction,hard,approved,unified execution directive 2026-08-24 (user),approved,unified execution directive 2026-08-24 (user),false,approved,unified execution directive 2026-08-24 (user),approved,true
47,EXT-SC-047,scene_construction,hard,approved,unified execution directive 2026-08-24 (user),approved,unified execution directive 2026-08-24 (user),false,approved,unified execution directive 2026-08-24 (user),approved,true
48,EXT-SC-048,scene_construction,hard,approved,unified execution directive 2026-08-24 (user),approved,unified execution directive 2026-08-24 (user),false,approved,unified execution directive 2026-08-24 (user),approved,true
49,EXT-SC-049,scene_construction,hard,approved,unified execution directive 2026-08-24 (user),approved,unified execution directive 2026-08-24 (user),false,approved,unified execution directive 2026-08-24 (user),approved,true
50,EXT-SC-050,scene_construction,hard,approved,unified execution directive 2026-08-24 (user),approved,unified execution directive 2026-08-24 (user),false,approved,unified execution directive 2026-08-24 (user),approved,true
51,EXT-SC-051,scene_construction,hard,approved,unified execution directive 2026-08-24 (user),approved,unified execution directive 2026-08-24 (user),false,approved,unified execution directive 2026-08-24 (user),approved,true
52,EXT-SC-052,scene_construction,hard,approved,unified execution directive 2026-08-24 (user),approved,unified execution directive 2026-08-24 (user),false,approved,unified execution directive 2026-08-24 (user),approved,true
53,EXT-SC-053,scene_construction,hard,approved,unified execution directive 2026-08-24 (user),approved,unified execution directive 2026-08-24 (user),false,approved,unified execution directive 2026-08-24 (user),approved,true
54,EXT-SC-054,scene_construction,hard,approved,unified execution directive 2026-08-24 (user),approved,unified execution directive 2026-08-24 (user),false,approved,unified execution directive 2026-08-24 (user),approved,true
55,EXT-SC-055,scene_construction,hard,approved,unified execution directive 2026-08-24 (user),approved,unified execution directive 2026-08-24 (user),false,approved,unified execution directive 2026-08-24 (user),approved,true
56,EXT-SC-056,scene_construction,hard,approved,unified execution directive 2026-08-24 (user),approved,unified execution directive 2026-08-24 (user),false,approved,unified execution directive 2026-08-24 (user),approved,true
57,EXT-SC-057,scene_construction,hard,approved,unified execution directive 2026-08-24 (user),approved,unified execution directive 2026-08-24 (user),false,approved,unified execution directive 2026-08-24 (user),approved,true
58,EXT-SC-058,scene_construction,hard,approved,unified execution directive 2026-08-24 (user),approved,unified execution directive 2026-08-24 (user),false,approved,unified execution directive 2026-08-24 (user),approved,true
59,EXT-SC-059,scene_construction,hard,approved,unified execution directive 2026-08-24 (user),approved,unified execution directive 2026-08-24 (user),false,approved,unified execution directive 2026-08-24 (user),approved,true
60,EXT-SC-060,scene_construction,hard,approved,unified execution directive 2026-08-24 (user),approved,unified execution directive 2026-08-24 (user),false,approved,unified execution directive 2026-08-24 (user),approved,true
61,EXT-AR-001,asset_routing,easy,approved,unified execution directive 2026-08-24 (user),approved,unified execution directive 2026-08-24 (user),false,approved,unified execution directive 2026-08-24 (user),approved,true
62,EXT-AR-002,asset_routing,easy,approved,unified execution directive 2026-08-24 (user),approved,unified execution directive 2026-08-24 (user),false,approved,unified execution directive 2026-08-24 (user),approved,true
63,EXT-AR-003,asset_routing,easy,approved,unified execution directive 2026-08-24 (user),approved,unified execution directive 2026-08-24 (user),false,approved,unified execution directive 2026-08-24 (user),approved,true
64,EXT-AR-004,asset_routing,easy,approved,unified execution directive 2026-08-24 (user),approved,unified execution directive 2026-08-24 (user),false,approved,unified execution directive 2026-08-24 (user),approved,true
65,EXT-AR-005,asset_routing,easy,approved,unified execution directive 2026-08-24 (user),approved,unified execution directive 2026-08-24 (user),false,approved,unified execution directive 2026-08-24 (user),approved,true
66,EXT-AR-006,asset_routing,easy,approved,unified execution directive 2026-08-24 (user),approved,unified execution directive 2026-08-24 (user),false,approved,unified execution directive 2026-08-24 (user),approved,true
67,EXT-AR-007,asset_routing,easy,approved,unified execution directive 2026-08-24 (user),approved,unified execution directive 2026-08-24 (user),false,approved,unified execution directive 2026-08-24 (user),approved,true
68,EXT-AR-008,asset_routing,easy,approved,unified execution directive 2026-08-24 (user),approved,unified execution directive 2026-08-24 (user),false,approved,unified execution directive 2026-08-24 (user),approved,true
69,EXT-AR-009,asset_routing,easy,approved,unified execution directive 2026-08-24 (user),approved,unified execution directive 2026-08-24 (user),false,approved,unified execution directive 2026-08-24 (user),approved,true
70,EXT-AR-010,asset_routing,easy,approved,unified execution directive 2026-08-24 (user),approved,unified execution directive 2026-08-24 (user),false,approved,unified execution directive 2026-08-24 (user),approved,true
71,EXT-AR-011,asset_routing,easy,approved,unified execution directive 2026-08-24 (user),approved,unified execution directive 2026-08-24 (user),false,approved,unified execution directive 2026-08-24 (user),approved,true
72,EXT-AR-012,asset_routing,easy,approved,unified execution directive 2026-08-24 (user),approved,unified execution directive 2026-08-24 (user),false,approved,unified execution directive 2026-08-24 (user),approved,true
73,EXT-AR-013,asset_routing,easy,approved,unified execution directive 2026-08-24 (user),approved,unified execution directive 2026-08-24 (user),false,approved,unified execution directive 2026-08-24 (user),approved,true
74,EXT-AR-014,asset_routing,easy,approved,unified execution directive 2026-08-24 (user),approved,unified execution directive 2026-08-24 (user),false,approved,unified execution directive 2026-08-24 (user),approved,true
75,EXT-AR-015,asset_routing,easy,approved,unified execution directive 2026-08-24 (user),approved,unified execution directive 2026-08-24 (user),false,approved,unified execution directive 2026-08-24 (user),approved,true
76,EXT-AR-016,asset_routing,medium,approved,unified execution directive 2026-08-24 (user),approved,unified execution directive 2026-08-24 (user),false,approved,unified execution directive 2026-08-24 (user),approved,true
77,EXT-AR-017,asset_routing,medium,approved,unified execution directive 2026-08-24 (user),approved,unified execution directive 2026-08-24 (user),false,approved,unified execution directive 2026-08-24 (user),approved,true
78,EXT-AR-018,asset_routing,medium,approved,unified execution directive 2026-08-24 (user),approved,unified execution directive 2026-08-24 (user),false,approved,unified execution directive 2026-08-24 (user),approved,true
79,EXT-AR-019,asset_routing,medium,approved,unified execution directive 2026-08-24 (user),approved,unified execution directive 2026-08-24 (user),false,approved,unified execution directive 2026-08-24 (user),approved,true
80,EXT-AR-020,asset_routing,medium,approved,unified execution directive 2026-08-24 (user),approved,unified execution directive 2026-08-24 (user),false,approved,unified execution directive 2026-08-24 (user),approved,true
81,EXT-AR-021,asset_routing,medium,approved,unified execution directive 2026-08-24 (user),approved,unified execution directive 2026-08-24 (user),false,approved,unified execution directive 2026-08-24 (user),approved,true
82,EXT-AR-022,asset_routing,medium,approved,unified execution directive 2026-08-24 (user),approved,unified execution directive 2026-08-24 (user),false,approved,unified execution directive 2026-08-24 (user),approved,true
83,EXT-AR-023,asset_routing,medium,approved,unified execution directive 2026-08-24 (user),approved,unified execution directive 2026-08-24 (user),false,approved,unified execution directive 2026-08-24 (user),approved,true
84,EXT-AR-024,asset_routing,medium,approved,unified execution directive 2026-08-24 (user),approved,unified execution directive 2026-08-24 (user),false,approved,unified execution directive 2026-08-24 (user),approved,true
85,EXT-AR-025,asset_routing,medium,approved,unified execution directive 2026-08-24 (user),approved,unified execution directive 2026-08-24 (user),false,approved,unified execution directive 2026-08-24 (user),approved,true
86,EXT-AR-026,asset_routing,medium,approved,unified execution directive 2026-08-24 (user),approved,unified execution directive 2026-08-24 (user),false,approved,unified execution directive 2026-08-24 (user),approved,true
87,EXT-AR-027,asset_routing,medium,approved,unified execution directive 2026-08-24 (user),approved,unified execution directive 2026-08-24 (user),false,approved,unified execution directive 2026-08-24 (user),approved,true
88,EXT-AR-028,asset_routing,medium,approved,unified execution directive 2026-08-24 (user),approved,unified execution directive 2026-08-24 (user),false,approved,unified execution directive 2026-08-24 (user),approved,true
89,EXT-AR-029,asset_routing,medium,approved,unified execution directive 2026-08-24 (user),approved,unified execution directive 2026-08-24 (user),false,approved,unified execution directive 2026-08-24 (user),approved,true
90,EXT-AR-030,asset_routing,medium,approved,unified execution directive 2026-08-24 (user),approved,unified execution directive 2026-08-24 (user),false,approved,unified execution directive 2026-08-24 (user),approved,true
91,EXT-AR-031,asset_routing,medium,approved,unified execution directive 2026-08-24 (user),approved,unified execution directive 2026-08-24 (user),false,approved,unified execution directive 2026-08-24 (user),approved,true
92,EXT-AR-032,asset_routing,medium,approved,unified execution directive 2026-08-24 (user),approved,unified execution directive 2026-08-24 (user),false,approved,unified execution directive 2026-08-24 (user),approved,true
93,EXT-AR-033,asset_routing,medium,approved,unified execution directive 2026-08-24 (user),approved,unified execution directive 2026-08-24 (user),false,approved,unified execution directive 2026-08-24 (user),approved,true
94,EXT-AR-034,asset_routing,medium,approved,unified execution directive 2026-08-24 (user),approved,unified execution directive 2026-08-24 (user),false,approved,unified execution directive 2026-08-24 (user),approved,true
95,EXT-AR-035,asset_routing,medium,approved,unified execution directive 2026-08-24 (user),approved,unified execution directive 2026-08-24 (user),false,approved,unified execution directive 2026-08-24 (user),approved,true
96,EXT-AR-036,asset_routing,medium,approved,unified execution directive 2026-08-24 (user),approved,unified execution directive 2026-08-24 (user),false,approved,unified execution directive 2026-08-24 (user),approved,true
97,EXT-AR-037,asset_routing,medium,approved,unified execution directive 2026-08-24 (user),approved,unified execution directive 2026-08-24 (user),false,approved,unified execution directive 2026-08-24 (user),approved,true
98,EXT-AR-038,asset_routing,medium,approved,unified execution directive 2026-08-24 (user),approved,unified execution directive 2026-08-24 (user),false,approved,unified execution directive 2026-08-24 (user),approved,true
99,EXT-AR-039,asset_routing,medium,approved,unified execution directive 2026-08-24 (user),approved,unified execution directive 2026-08-24 (user),false,approved,unified execution directive 2026-08-24 (user),approved,true
100,EXT-AR-040,asset_routing,medium,approved,unified execution directive 2026-08-24 (user),approved,unified execution directive 2026-08-24 (user),false,approved,unified execution directive 2026-08-24 (user),approved,true
101,EXT-AR-041,asset_routing,medium,approved,unified execution directive 2026-08-24 (user),approved,unified execution directive 2026-08-24 (user),false,approved,unified execution directive 2026-08-24 (user),approved,true
102,EXT-AR-042,asset_routing,medium,approved,unified execution directive 2026-08-24 (user),approved,unified execution directive 2026-08-24 (user),false,approved,unified execution directive 2026-08-24 (user),approved,true
103,EXT-AR-043,asset_routing,medium,approved,unified execution directive 2026-08-24 (user),approved,unified execution directive 2026-08-24 (user),false,approved,unified execution directive 2026-08-24 (user),approved,true
104,EXT-AR-044,asset_routing,medium,approved,unified execution directive 2026-08-24 (user),approved,unified execution directive 2026-08-24 (user),false,approved,unified execution directive 2026-08-24 (user),approved,true
105,EXT-AR-045,asset_routing,medium,approved,unified execution directive 2026-08-24 (user),approved,unified execution directive 2026-08-24 (user),false,approved,unified execution directive 2026-08-24 (user),approved,true
106,EXT-AR-046,asset_routing,hard,approved,unified execution directive 2026-08-24 (user),approved,unified execution directive 2026-08-24 (user),false,approved,unified execution directive 2026-08-24 (user),approved,true
107,EXT-AR-047,asset_routing,hard,approved,unified execution directive 2026-08-24 (user),approved,unified execution directive 2026-08-24 (user),false,approved,unified execution directive 2026-08-24 (user),approved,true
108,EXT-AR-048,asset_routing,hard,approved,unified execution directive 2026-08-24 (user),approved,unified execution directive 2026-08-24 (user),false,approved,unified execution directive 2026-08-24 (user),approved,true
109,EXT-AR-049,asset_routing,hard,approved,unified execution directive 2026-08-24 (user),approved,unified execution directive 2026-08-24 (user),false,approved,unified execution directive 2026-08-24 (user),approved,true
110,EXT-AR-050,asset_routing,hard,approved,unified execution directive 2026-08-24 (user),approved,unified execution directive 2026-08-24 (user),false,approved,unified execution directive 2026-08-24 (user),approved,true
111,EXT-AR-051,asset_routing,hard,approved,unified execution directive 2026-08-24 (user),approved,unified execution directive 2026-08-24 (user),false,approved,unified execution directive 2026-08-24 (user),approved,true
112,EXT-AR-052,asset_routing,hard,approved,unified execution directive 2026-08-24 (user),approved,unified execution directive 2026-08-24 (user),false,approved,unified execution directive 2026-08-24 (user),approved,true
113,EXT-AR-053,asset_routing,hard,approved,unified execution directive 2026-08-24 (user),approved,unified execution directive 2026-08-24 (user),false,approved,unified execution directive 2026-08-24 (user),approved,true
114,EXT-AR-054,asset_routing,hard,approved,unified execution directive 2026-08-24 (user),approved,unified execution directive 2026-08-24 (user),false,approved,unified execution directive 2026-08-24 (user),approved,true
115,EXT-AR-055,asset_routing,hard,approved,unified execution directive 2026-08-24 (user),approved,unified execution directive 2026-08-24 (user),false,approved,unified execution directive 2026-08-24 (user),approved,true
116,EXT-AR-056,asset_routing,hard,approved,unified execution directive 2026-08-24 (user),approved,unified execution directive 2026-08-24 (user),false,approved,unified execution directive 2026-08-24 (user),approved,true
117,EXT-AR-057,asset_routing,hard,approved,unified execution directive 2026-08-24 (user),approved,unified execution directive 2026-08-24 (user),false,approved,unified execution directive 2026-08-24 (user),approved,true
118,EXT-AR-058,asset_routing,hard,approved,unified execution directive 2026-08-24 (user),approved,unified execution directive 2026-08-24 (user),false,approved,unified execution directive 2026-08-24 (user),approved,true
119,EXT-AR-059,asset_routing,hard,approved,unified execution directive 2026-08-24 (user),approved,unified execution directive 2026-08-24 (user),false,approved,unified execution directive 2026-08-24 (user),approved,true
120,EXT-AR-060,asset_routing,hard,approved,unified execution directive 2026-08-24 (user),approved,unified execution directive 2026-08-24 (user),false,approved,unified execution directive 2026-08-24 (user),approved,true
121,EXT-DB-001,data_binding,easy,approved,unified execution directive 2026-08-24 (user),approved,unified execution directive 2026-08-24 (user),false,approved,unified execution directive 2026-08-24 (user),approved,true
122,EXT-DB-002,data_binding,easy,approved,unified execution directive 2026-08-24 (user),approved,unified execution directive 2026-08-24 (user),false,approved,unified execution directive 2026-08-24 (user),approved,true
123,EXT-DB-003,data_binding,easy,approved,unified execution directive 2026-08-24 (user),approved,unified execution directive 2026-08-24 (user),false,approved,unified execution directive 2026-08-24 (user),approved,true
124,EXT-DB-004,data_binding,easy,approved,unified execution directive 2026-08-24 (user),approved,unified execution directive 2026-08-24 (user),false,approved,unified execution directive 2026-08-24 (user),approved,true
125,EXT-DB-005,data_binding,easy,approved,unified execution directive 2026-08-24 (user),approved,unified execution directive 2026-08-24 (user),false,approved,unified execution directive 2026-08-24 (user),approved,true
126,EXT-DB-006,data_binding,easy,approved,unified execution directive 2026-08-24 (user),approved,unified execution directive 2026-08-24 (user),false,approved,unified execution directive 2026-08-24 (user),approved,true
127,EXT-DB-007,data_binding,easy,approved,unified execution directive 2026-08-24 (user),approved,unified execution directive 2026-08-24 (user),false,approved,unified execution directive 2026-08-24 (user),approved,true
128,EXT-DB-008,data_binding,easy,approved,unified execution directive 2026-08-24 (user),approved,unified execution directive 2026-08-24 (user),false,approved,unified execution directive 2026-08-24 (user),approved,true
129,EXT-DB-009,data_binding,easy,approved,unified execution directive 2026-08-24 (user),approved,unified execution directive 2026-08-24 (user),false,approved,unified execution directive 2026-08-24 (user),approved,true
130,EXT-DB-010,data_binding,easy,approved,unified execution directive 2026-08-24 (user),approved,unified execution directive 2026-08-24 (user),false,approved,unified execution directive 2026-08-24 (user),approved,true
131,EXT-DB-011,data_binding,easy,approved,unified execution directive 2026-08-24 (user),approved,unified execution directive 2026-08-24 (user),false,approved,unified execution directive 2026-08-24 (user),approved,true
132,EXT-DB-012,data_binding,easy,approved,unified execution directive 2026-08-24 (user),approved,unified execution directive 2026-08-24 (user),false,approved,unified execution directive 2026-08-24 (user),approved,true
133,EXT-DB-013,data_binding,easy,approved,unified execution directive 2026-08-24 (user),approved,unified execution directive 2026-08-24 (user),false,approved,unified execution directive 2026-08-24 (user),approved,true
134,EXT-DB-014,data_binding,easy,approved,unified execution directive 2026-08-24 (user),approved,unified execution directive 2026-08-24 (user),false,approved,unified execution directive 2026-08-24 (user),approved,true
135,EXT-DB-015,data_binding,easy,approved,unified execution directive 2026-08-24 (user),approved,unified execution directive 2026-08-24 (user),false,approved,unified execution directive 2026-08-24 (user),approved,true
136,EXT-DB-016,data_binding,medium,approved,unified execution directive 2026-08-24 (user),approved,unified execution directive 2026-08-24 (user),false,approved,unified execution directive 2026-08-24 (user),approved,true
137,EXT-DB-017,data_binding,medium,approved,unified execution directive 2026-08-24 (user),approved,unified execution directive 2026-08-24 (user),false,approved,unified execution directive 2026-08-24 (user),approved,true
138,EXT-DB-018,data_binding,medium,approved,unified execution directive 2026-08-24 (user),approved,unified execution directive 2026-08-24 (user),false,approved,unified execution directive 2026-08-24 (user),approved,true
139,EXT-DB-019,data_binding,medium,approved,unified execution directive 2026-08-24 (user),approved,unified execution directive 2026-08-24 (user),false,approved,unified execution directive 2026-08-24 (user),approved,true
140,EXT-DB-020,data_binding,medium,approved,unified execution directive 2026-08-24 (user),approved,unified execution directive 2026-08-24 (user),false,approved,unified execution directive 2026-08-24 (user),approved,true
141,EXT-DB-021,data_binding,medium,approved,unified execution directive 2026-08-24 (user),approved,unified execution directive 2026-08-24 (user),false,approved,unified execution directive 2026-08-24 (user),approved,true
142,EXT-DB-022,data_binding,medium,approved,unified execution directive 2026-08-24 (user),approved,unified execution directive 2026-08-24 (user),false,approved,unified execution directive 2026-08-24 (user),approved,true
143,EXT-DB-023,data_binding,medium,approved,unified execution directive 2026-08-24 (user),approved,unified execution directive 2026-08-24 (user),false,approved,unified execution directive 2026-08-24 (user),approved,true
144,EXT-DB-024,data_binding,medium,approved,unified execution directive 2026-08-24 (user),approved,unified execution directive 2026-08-24 (user),false,approved,unified execution directive 2026-08-24 (user),approved,true
145,EXT-DB-025,data_binding,medium,approved,unified execution directive 2026-08-24 (user),approved,unified execution directive 2026-08-24 (user),false,approved,unified execution directive 2026-08-24 (user),approved,true
146,EXT-DB-026,data_binding,medium,approved,unified execution directive 2026-08-24 (user),approved,unified execution directive 2026-08-24 (user),false,approved,unified execution directive 2026-08-24 (user),approved,true
147,EXT-DB-027,data_binding,medium,approved,unified execution directive 2026-08-24 (user),approved,unified execution directive 2026-08-24 (user),false,approved,unified execution directive 2026-08-24 (user),approved,true
148,EXT-DB-028,data_binding,medium,approved,unified execution directive 2026-08-24 (user),approved,unified execution directive 2026-08-24 (user),false,approved,unified execution directive 2026-08-24 (user),approved,true
149,EXT-DB-029,data_binding,medium,approved,unified execution directive 2026-08-24 (user),approved,unified execution directive 2026-08-24 (user),false,approved,unified execution directive 2026-08-24 (user),approved,true
150,EXT-DB-030,data_binding,medium,approved,unified execution directive 2026-08-24 (user),approved,unified execution directive 2026-08-24 (user),false,approved,unified execution directive 2026-08-24 (user),approved,true
151,EXT-DB-031,data_binding,medium,approved,unified execution directive 2026-08-24 (user),approved,unified execution directive 2026-08-24 (user),false,approved,unified execution directive 2026-08-24 (user),approved,true
152,EXT-DB-032,data_binding,medium,approved,unified execution directive 2026-08-24 (user),approved,unified execution directive 2026-08-24 (user),false,approved,unified execution directive 2026-08-24 (user),approved,true
153,EXT-DB-033,data_binding,medium,approved,unified execution directive 2026-08-24 (user),approved,unified execution directive 2026-08-24 (user),false,approved,unified execution directive 2026-08-24 (user),approved,true
154,EXT-DB-034,data_binding,medium,approved,unified execution directive 2026-08-24 (user),approved,unified execution directive 2026-08-24 (user),false,approved,unified execution directive 2026-08-24 (user),approved,true
155,EXT-DB-035,data_binding,medium,approved,unified execution directive 2026-08-24 (user),approved,unified execution directive 2026-08-24 (user),false,approved,unified execution directive 2026-08-24 (user),approved,true
156,EXT-DB-036,data_binding,medium,approved,unified execution directive 2026-08-24 (user),approved,unified execution directive 2026-08-24 (user),false,approved,unified execution directive 2026-08-24 (user),approved,true
157,EXT-DB-037,data_binding,medium,approved,unified execution directive 2026-08-24 (user),approved,unified execution directive 2026-08-24 (user),false,approved,unified execution directive 2026-08-24 (user),approved,true
158,EXT-DB-038,data_binding,medium,approved,unified execution directive 2026-08-24 (user),approved,unified execution directive 2026-08-24 (user),false,approved,unified execution directive 2026-08-24 (user),approved,true
159,EXT-DB-039,data_binding,medium,approved,unified execution directive 2026-08-24 (user),approved,unified execution directive 2026-08-24 (user),false,approved,unified execution directive 2026-08-24 (user),approved,true
160,EXT-DB-040,data_binding,medium,approved,unified execution directive 2026-08-24 (user),approved,unified execution directive 2026-08-24 (user),false,approved,unified execution directive 2026-08-24 (user),approved,true
161,EXT-DB-041,data_binding,medium,approved,unified execution directive 2026-08-24 (user),approved,unified execution directive 2026-08-24 (user),false,approved,unified execution directive 2026-08-24 (user),approved,true
162,EXT-DB-042,data_binding,medium,approved,unified execution directive 2026-08-24 (user),approved,unified execution directive 2026-08-24 (user),false,approved,unified execution directive 2026-08-24 (user),approved,true
163,EXT-DB-043,data_binding,medium,approved,unified execution directive 2026-08-24 (user),approved,unified execution directive 2026-08-24 (user),false,approved,unified execution directive 2026-08-24 (user),approved,true
164,EXT-DB-044,data_binding,medium,approved,unified execution directive 2026-08-24 (user),approved,unified execution directive 2026-08-24 (user),false,approved,unified execution directive 2026-08-24 (user),approved,true
165,EXT-DB-045,data_binding,medium,approved,unified execution directive 2026-08-24 (user),approved,unified execution directive 2026-08-24 (user),false,approved,unified execution directive 2026-08-24 (user),approved,true
166,EXT-DB-046,data_binding,hard,approved,unified execution directive 2026-08-24 (user),approved,unified execution directive 2026-08-24 (user),false,approved,unified execution directive 2026-08-24 (user),approved,true
167,EXT-DB-047,data_binding,hard,approved,unified execution directive 2026-08-24 (user),approved,unified execution directive 2026-08-24 (user),false,approved,unified execution directive 2026-08-24 (user),approved,true
168,EXT-DB-048,data_binding,hard,approved,unified execution directive 2026-08-24 (user),approved,unified execution directive 2026-08-24 (user),false,approved,unified execution directive 2026-08-24 (user),approved,true
169,EXT-DB-049,data_binding,hard,approved,unified execution directive 2026-08-24 (user),approved,unified execution directive 2026-08-24 (user),false,approved,unified execution directive 2026-08-24 (user),approved,true
170,EXT-DB-050,data_binding,hard,approved,unified execution directive 2026-08-24 (user),approved,unified execution directive 2026-08-24 (user),false,approved,unified execution directive 2026-08-24 (user),approved,true
171,EXT-DB-051,data_binding,hard,approved,unified execution directive 2026-08-24 (user),approved,unified execution directive 2026-08-24 (user),false,approved,unified execution directive 2026-08-24 (user),approved,true
172,EXT-DB-052,data_binding,hard,approved,unified execution directive 2026-08-24 (user),approved,unified execution directive 2026-08-24 (user),false,approved,unified execution directive 2026-08-24 (user),approved,true
173,EXT-DB-053,data_binding,hard,approved,unified execution directive 2026-08-24 (user),approved,unified execution directive 2026-08-24 (user),false,approved,unified execution directive 2026-08-24 (user),approved,true
174,EXT-DB-054,data_binding,hard,approved,unified execution directive 2026-08-24 (user),approved,unified execution directive 2026-08-24 (user),false,approved,unified execution directive 2026-08-24 (user),approved,true
175,EXT-DB-055,data_binding,hard,approved,unified execution directive 2026-08-24 (user),approved,unified execution directive 2026-08-24 (user),false,approved,unified execution directive 2026-08-24 (user),approved,true
176,EXT-DB-056,data_binding,hard,approved,unified execution directive 2026-08-24 (user),approved,unified execution directive 2026-08-24 (user),false,approved,unified execution directive 2026-08-24 (user),approved,true
177,EXT-DB-057,data_binding,hard,approved,unified execution directive 2026-08-24 (user),approved,unified execution directive 2026-08-24 (user),false,approved,unified execution directive 2026-08-24 (user),approved,true
178,EXT-DB-058,data_binding,hard,approved,unified execution directive 2026-08-24 (user),approved,unified execution directive 2026-08-24 (user),false,approved,unified execution directive 2026-08-24 (user),approved,true
179,EXT-DB-059,data_binding,hard,approved,unified execution directive 2026-08-24 (user),approved,unified execution directive 2026-08-24 (user),false,approved,unified execution directive 2026-08-24 (user),approved,true
180,EXT-DB-060,data_binding,hard,approved,unified execution directive 2026-08-24 (user),approved,unified execution directive 2026-08-24 (user),false,approved,unified execution directive 2026-08-24 (user),approved,true
181,EXT-RR-001,rule_repair,easy,approved,unified execution directive 2026-08-24 (user),approved,unified execution directive 2026-08-24 (user),false,approved,unified execution directive 2026-08-24 (user),approved,true
182,EXT-RR-002,rule_repair,easy,approved,unified execution directive 2026-08-24 (user),approved,unified execution directive 2026-08-24 (user),false,approved,unified execution directive 2026-08-24 (user),approved,true
183,EXT-RR-003,rule_repair,easy,approved,unified execution directive 2026-08-24 (user),approved,unified execution directive 2026-08-24 (user),false,approved,unified execution directive 2026-08-24 (user),approved,true
184,EXT-RR-004,rule_repair,easy,approved,unified execution directive 2026-08-24 (user),approved,unified execution directive 2026-08-24 (user),false,approved,unified execution directive 2026-08-24 (user),approved,true
185,EXT-RR-005,rule_repair,easy,approved,unified execution directive 2026-08-24 (user),approved,unified execution directive 2026-08-24 (user),false,approved,unified execution directive 2026-08-24 (user),approved,true
186,EXT-RR-006,rule_repair,easy,approved,unified execution directive 2026-08-24 (user),approved,unified execution directive 2026-08-24 (user),false,approved,unified execution directive 2026-08-24 (user),approved,true
187,EXT-RR-007,rule_repair,easy,approved,unified execution directive 2026-08-24 (user),approved,unified execution directive 2026-08-24 (user),false,approved,unified execution directive 2026-08-24 (user),approved,true
188,EXT-RR-008,rule_repair,easy,approved,unified execution directive 2026-08-24 (user),approved,unified execution directive 2026-08-24 (user),false,approved,unified execution directive 2026-08-24 (user),approved,true
189,EXT-RR-009,rule_repair,easy,approved,unified execution directive 2026-08-24 (user),approved,unified execution directive 2026-08-24 (user),false,approved,unified execution directive 2026-08-24 (user),approved,true
190,EXT-RR-010,rule_repair,easy,approved,unified execution directive 2026-08-24 (user),approved,unified execution directive 2026-08-24 (user),false,approved,unified execution directive 2026-08-24 (user),approved,true
191,EXT-RR-011,rule_repair,easy,approved,unified execution directive 2026-08-24 (user),approved,unified execution directive 2026-08-24 (user),false,approved,unified execution directive 2026-08-24 (user),approved,true
192,EXT-RR-012,rule_repair,easy,approved,unified execution directive 2026-08-24 (user),approved,unified execution directive 2026-08-24 (user),false,approved,unified execution directive 2026-08-24 (user),approved,true
193,EXT-RR-013,rule_repair,easy,approved,unified execution directive 2026-08-24 (user),approved,unified execution directive 2026-08-24 (user),false,approved,unified execution directive 2026-08-24 (user),approved,true
194,EXT-RR-014,rule_repair,easy,approved,unified execution directive 2026-08-24 (user),approved,unified execution directive 2026-08-24 (user),false,approved,unified execution directive 2026-08-24 (user),approved,true
195,EXT-RR-015,rule_repair,easy,approved,unified execution directive 2026-08-24 (user),approved,unified execution directive 2026-08-24 (user),false,approved,unified execution directive 2026-08-24 (user),approved,true
196,EXT-RR-016,rule_repair,medium,approved,unified execution directive 2026-08-24 (user),approved,unified execution directive 2026-08-24 (user),false,approved,unified execution directive 2026-08-24 (user),approved,true
197,EXT-RR-017,rule_repair,medium,approved,unified execution directive 2026-08-24 (user),approved,unified execution directive 2026-08-24 (user),false,approved,unified execution directive 2026-08-24 (user),approved,true
198,EXT-RR-018,rule_repair,medium,approved,unified execution directive 2026-08-24 (user),approved,unified execution directive 2026-08-24 (user),false,approved,unified execution directive 2026-08-24 (user),approved,true
199,EXT-RR-019,rule_repair,medium,approved,unified execution directive 2026-08-24 (user),approved,unified execution directive 2026-08-24 (user),false,approved,unified execution directive 2026-08-24 (user),approved,true
200,EXT-RR-020,rule_repair,medium,approved,unified execution directive 2026-08-24 (user),approved,unified execution directive 2026-08-24 (user),false,approved,unified execution directive 2026-08-24 (user),approved,true
201,EXT-RR-021,rule_repair,medium,approved,unified execution directive 2026-08-24 (user),approved,unified execution directive 2026-08-24 (user),false,approved,unified execution directive 2026-08-24 (user),approved,true
202,EXT-RR-022,rule_repair,medium,approved,unified execution directive 2026-08-24 (user),approved,unified execution directive 2026-08-24 (user),false,approved,unified execution directive 2026-08-24 (user),approved,true
203,EXT-RR-023,rule_repair,medium,approved,unified execution directive 2026-08-24 (user),approved,unified execution directive 2026-08-24 (user),false,approved,unified execution directive 2026-08-24 (user),approved,true
204,EXT-RR-024,rule_repair,medium,approved,unified execution directive 2026-08-24 (user),approved,unified execution directive 2026-08-24 (user),false,approved,unified execution directive 2026-08-24 (user),approved,true
205,EXT-RR-025,rule_repair,medium,approved,unified execution directive 2026-08-24 (user),approved,unified execution directive 2026-08-24 (user),false,approved,unified execution directive 2026-08-24 (user),approved,true
206,EXT-RR-026,rule_repair,medium,approved,unified execution directive 2026-08-24 (user),approved,unified execution directive 2026-08-24 (user),false,approved,unified execution directive 2026-08-24 (user),approved,true
207,EXT-RR-027,rule_repair,medium,approved,unified execution directive 2026-08-24 (user),approved,unified execution directive 2026-08-24 (user),false,approved,unified execution directive 2026-08-24 (user),approved,true
208,EXT-RR-028,rule_repair,medium,approved,unified execution directive 2026-08-24 (user),approved,unified execution directive 2026-08-24 (user),false,approved,unified execution directive 2026-08-24 (user),approved,true
209,EXT-RR-029,rule_repair,medium,approved,unified execution directive 2026-08-24 (user),approved,unified execution directive 2026-08-24 (user),false,approved,unified execution directive 2026-08-24 (user),approved,true
210,EXT-RR-030,rule_repair,medium,approved,unified execution directive 2026-08-24 (user),approved,unified execution directive 2026-08-24 (user),false,approved,unified execution directive 2026-08-24 (user),approved,true
211,EXT-RR-031,rule_repair,medium,approved,unified execution directive 2026-08-24 (user),approved,unified execution directive 2026-08-24 (user),false,approved,unified execution directive 2026-08-24 (user),approved,true
212,EXT-RR-032,rule_repair,medium,approved,unified execution directive 2026-08-24 (user),approved,unified execution directive 2026-08-24 (user),false,approved,unified execution directive 2026-08-24 (user),approved,true
213,EXT-RR-033,rule_repair,medium,approved,unified execution directive 2026-08-24 (user),approved,unified execution directive 2026-08-24 (user),false,approved,unified execution directive 2026-08-24 (user),approved,true
214,EXT-RR-034,rule_repair,medium,approved,unified execution directive 2026-08-24 (user),approved,unified execution directive 2026-08-24 (user),false,approved,unified execution directive 2026-08-24 (user),approved,true
215,EXT-RR-035,rule_repair,medium,approved,unified execution directive 2026-08-24 (user),approved,unified execution directive 2026-08-24 (user),false,approved,unified execution directive 2026-08-24 (user),approved,true
216,EXT-RR-036,rule_repair,medium,approved,unified execution directive 2026-08-24 (user),approved,unified execution directive 2026-08-24 (user),false,approved,unified execution directive 2026-08-24 (user),approved,true
217,EXT-RR-037,rule_repair,medium,approved,unified execution directive 2026-08-24 (user),approved,unified execution directive 2026-08-24 (user),false,approved,unified execution directive 2026-08-24 (user),approved,true
218,EXT-RR-038,rule_repair,medium,approved,unified execution directive 2026-08-24 (user),approved,unified execution directive 2026-08-24 (user),false,approved,unified execution directive 2026-08-24 (user),approved,true
219,EXT-RR-039,rule_repair,medium,approved,unified execution directive 2026-08-24 (user),approved,unified execution directive 2026-08-24 (user),false,approved,unified execution directive 2026-08-24 (user),approved,true
220,EXT-RR-040,rule_repair,medium,approved,unified execution directive 2026-08-24 (user),approved,unified execution directive 2026-08-24 (user),false,approved,unified execution directive 2026-08-24 (user),approved,true
221,EXT-RR-041,rule_repair,medium,approved,unified execution directive 2026-08-24 (user),approved,unified execution directive 2026-08-24 (user),false,approved,unified execution directive 2026-08-24 (user),approved,true
222,EXT-RR-042,rule_repair,medium,approved,unified execution directive 2026-08-24 (user),approved,unified execution directive 2026-08-24 (user),false,approved,unified execution directive 2026-08-24 (user),approved,true
223,EXT-RR-043,rule_repair,medium,approved,unified execution directive 2026-08-24 (user),approved,unified execution directive 2026-08-24 (user),false,approved,unified execution directive 2026-08-24 (user),approved,true
224,EXT-RR-044,rule_repair,medium,approved,unified execution directive 2026-08-24 (user),approved,unified execution directive 2026-08-24 (user),false,approved,unified execution directive 2026-08-24 (user),approved,true
225,EXT-RR-045,rule_repair,medium,approved,unified execution directive 2026-08-24 (user),approved,unified execution directive 2026-08-24 (user),false,approved,unified execution directive 2026-08-24 (user),approved,true
226,EXT-RR-046,rule_repair,hard,approved,unified execution directive 2026-08-24 (user),approved,unified execution directive 2026-08-24 (user),false,approved,unified execution directive 2026-08-24 (user),approved,true
227,EXT-RR-047,rule_repair,hard,approved,unified execution directive 2026-08-24 (user),approved,unified execution directive 2026-08-24 (user),false,approved,unified execution directive 2026-08-24 (user),approved,true
228,EXT-RR-048,rule_repair,hard,approved,unified execution directive 2026-08-24 (user),approved,unified execution directive 2026-08-24 (user),false,approved,unified execution directive 2026-08-24 (user),approved,true
229,EXT-RR-049,rule_repair,hard,approved,unified execution directive 2026-08-24 (user),approved,unified execution directive 2026-08-24 (user),false,approved,unified execution directive 2026-08-24 (user),approved,true
230,EXT-RR-050,rule_repair,hard,approved,unified execution directive 2026-08-24 (user),approved,unified execution directive 2026-08-24 (user),false,approved,unified execution directive 2026-08-24 (user),approved,true
231,EXT-RR-051,rule_repair,hard,approved,unified execution directive 2026-08-24 (user),approved,unified execution directive 2026-08-24 (user),false,approved,unified execution directive 2026-08-24 (user),approved,true
232,EXT-RR-052,rule_repair,hard,approved,unified execution directive 2026-08-24 (user),approved,unified execution directive 2026-08-24 (user),false,approved,unified execution directive 2026-08-24 (user),approved,true
233,EXT-RR-053,rule_repair,hard,approved,unified execution directive 2026-08-24 (user),approved,unified execution directive 2026-08-24 (user),false,approved,unified execution directive 2026-08-24 (user),approved,true
234,EXT-RR-054,rule_repair,hard,approved,unified execution directive 2026-08-24 (user),approved,unified execution directive 2026-08-24 (user),false,approved,unified execution directive 2026-08-24 (user),approved,true
235,EXT-RR-055,rule_repair,hard,approved,unified execution directive 2026-08-24 (user),approved,unified execution directive 2026-08-24 (user),false,approved,unified execution directive 2026-08-24 (user),approved,true
236,EXT-RR-056,rule_repair,hard,approved,unified execution directive 2026-08-24 (user),approved,unified execution directive 2026-08-24 (user),false,approved,unified execution directive 2026-08-24 (user),approved,true
237,EXT-RR-057,rule_repair,hard,approved,unified execution directive 2026-08-24 (user),approved,unified execution directive 2026-08-24 (user),false,approved,unified execution directive 2026-08-24 (user),approved,true
238,EXT-RR-058,rule_repair,hard,approved,unified execution directive 2026-08-24 (user),approved,unified execution directive 2026-08-24 (user),false,approved,unified execution directive 2026-08-24 (user),approved,true
239,EXT-RR-059,rule_repair,hard,approved,unified execution directive 2026-08-24 (user),approved,unified execution directive 2026-08-24 (user),false,approved,unified execution directive 2026-08-24 (user),approved,true
240,EXT-RR-060,rule_repair,hard,approved,unified execution directive 2026-08-24 (user),approved,unified execution directive 2026-08-24 (user),false,approved,unified execution directive 2026-08-24 (user),approved,true
241,EXT-MQ-001,memory_query,easy,approved,unified execution directive 2026-08-24 (user),approved,unified execution directive 2026-08-24 (user),false,approved,unified execution directive 2026-08-24 (user),approved,true
242,EXT-MQ-002,memory_query,easy,approved,unified execution directive 2026-08-24 (user),approved,unified execution directive 2026-08-24 (user),false,approved,unified execution directive 2026-08-24 (user),approved,true
243,EXT-MQ-003,memory_query,easy,approved,unified execution directive 2026-08-24 (user),approved,unified execution directive 2026-08-24 (user),false,approved,unified execution directive 2026-08-24 (user),approved,true
244,EXT-MQ-004,memory_query,easy,approved,unified execution directive 2026-08-24 (user),approved,unified execution directive 2026-08-24 (user),false,approved,unified execution directive 2026-08-24 (user),approved,true
245,EXT-MQ-005,memory_query,easy,approved,unified execution directive 2026-08-24 (user),approved,unified execution directive 2026-08-24 (user),false,approved,unified execution directive 2026-08-24 (user),approved,true
246,EXT-MQ-006,memory_query,easy,approved,unified execution directive 2026-08-24 (user),approved,unified execution directive 2026-08-24 (user),false,approved,unified execution directive 2026-08-24 (user),approved,true
247,EXT-MQ-007,memory_query,easy,approved,unified execution directive 2026-08-24 (user),approved,unified execution directive 2026-08-24 (user),false,approved,unified execution directive 2026-08-24 (user),approved,true
248,EXT-MQ-008,memory_query,easy,approved,unified execution directive 2026-08-24 (user),approved,unified execution directive 2026-08-24 (user),false,approved,unified execution directive 2026-08-24 (user),approved,true
249,EXT-MQ-009,memory_query,easy,approved,unified execution directive 2026-08-24 (user),approved,unified execution directive 2026-08-24 (user),false,approved,unified execution directive 2026-08-24 (user),approved,true
250,EXT-MQ-010,memory_query,easy,approved,unified execution directive 2026-08-24 (user),approved,unified execution directive 2026-08-24 (user),false,approved,unified execution directive 2026-08-24 (user),approved,true
251,EXT-MQ-011,memory_query,easy,approved,unified execution directive 2026-08-24 (user),approved,unified execution directive 2026-08-24 (user),false,approved,unified execution directive 2026-08-24 (user),approved,true
252,EXT-MQ-012,memory_query,easy,approved,unified execution directive 2026-08-24 (user),approved,unified execution directive 2026-08-24 (user),false,approved,unified execution directive 2026-08-24 (user),approved,true
253,EXT-MQ-013,memory_query,easy,approved,unified execution directive 2026-08-24 (user),approved,unified execution directive 2026-08-24 (user),false,approved,unified execution directive 2026-08-24 (user),approved,true
254,EXT-MQ-014,memory_query,easy,approved,unified execution directive 2026-08-24 (user),approved,unified execution directive 2026-08-24 (user),false,approved,unified execution directive 2026-08-24 (user),approved,true
255,EXT-MQ-015,memory_query,easy,approved,unified execution directive 2026-08-24 (user),approved,unified execution directive 2026-08-24 (user),false,approved,unified execution directive 2026-08-24 (user),approved,true
256,EXT-MQ-016,memory_query,medium,approved,unified execution directive 2026-08-24 (user),approved,unified execution directive 2026-08-24 (user),false,approved,unified execution directive 2026-08-24 (user),approved,true
257,EXT-MQ-017,memory_query,medium,approved,unified execution directive 2026-08-24 (user),approved,unified execution directive 2026-08-24 (user),false,approved,unified execution directive 2026-08-24 (user),approved,true
258,EXT-MQ-018,memory_query,medium,approved,unified execution directive 2026-08-24 (user),approved,unified execution directive 2026-08-24 (user),false,approved,unified execution directive 2026-08-24 (user),approved,true
259,EXT-MQ-019,memory_query,medium,approved,unified execution directive 2026-08-24 (user),approved,unified execution directive 2026-08-24 (user),false,approved,unified execution directive 2026-08-24 (user),approved,true
260,EXT-MQ-020,memory_query,medium,approved,unified execution directive 2026-08-24 (user),approved,unified execution directive 2026-08-24 (user),false,approved,unified execution directive 2026-08-24 (user),approved,true
261,EXT-MQ-021,memory_query,medium,approved,unified execution directive 2026-08-24 (user),approved,unified execution directive 2026-08-24 (user),false,approved,unified execution directive 2026-08-24 (user),approved,true
262,EXT-MQ-022,memory_query,medium,approved,unified execution directive 2026-08-24 (user),approved,unified execution directive 2026-08-24 (user),false,approved,unified execution directive 2026-08-24 (user),approved,true
263,EXT-MQ-023,memory_query,medium,approved,unified execution directive 2026-08-24 (user),approved,unified execution directive 2026-08-24 (user),false,approved,unified execution directive 2026-08-24 (user),approved,true
264,EXT-MQ-024,memory_query,medium,approved,unified execution directive 2026-08-24 (user),approved,unified execution directive 2026-08-24 (user),false,approved,unified execution directive 2026-08-24 (user),approved,true
265,EXT-MQ-025,memory_query,medium,approved,unified execution directive 2026-08-24 (user),approved,unified execution directive 2026-08-24 (user),false,approved,unified execution directive 2026-08-24 (user),approved,true
266,EXT-MQ-026,memory_query,medium,approved,unified execution directive 2026-08-24 (user),approved,unified execution directive 2026-08-24 (user),false,approved,unified execution directive 2026-08-24 (user),approved,true
267,EXT-MQ-027,memory_query,medium,approved,unified execution directive 2026-08-24 (user),approved,unified execution directive 2026-08-24 (user),false,approved,unified execution directive 2026-08-24 (user),approved,true
268,EXT-MQ-028,memory_query,medium,approved,unified execution directive 2026-08-24 (user),approved,unified execution directive 2026-08-24 (user),false,approved,unified execution directive 2026-08-24 (user),approved,true
269,EXT-MQ-029,memory_query,medium,approved,unified execution directive 2026-08-24 (user),approved,unified execution directive 2026-08-24 (user),false,approved,unified execution directive 2026-08-24 (user),approved,true
270,EXT-MQ-030,memory_query,medium,approved,unified execution directive 2026-08-24 (user),approved,unified execution directive 2026-08-24 (user),false,approved,unified execution directive 2026-08-24 (user),approved,true
271,EXT-MQ-031,memory_query,medium,approved,unified execution directive 2026-08-24 (user),approved,unified execution directive 2026-08-24 (user),false,approved,unified execution directive 2026-08-24 (user),approved,true
272,EXT-MQ-032,memory_query,medium,approved,unified execution directive 2026-08-24 (user),approved,unified execution directive 2026-08-24 (user),false,approved,unified execution directive 2026-08-24 (user),approved,true
273,EXT-MQ-033,memory_query,medium,approved,unified execution directive 2026-08-24 (user),approved,unified execution directive 2026-08-24 (user),false,approved,unified execution directive 2026-08-24 (user),approved,true
274,EXT-MQ-034,memory_query,medium,approved,unified execution directive 2026-08-24 (user),approved,unified execution directive 2026-08-24 (user),false,approved,unified execution directive 2026-08-24 (user),approved,true
275,EXT-MQ-035,memory_query,medium,approved,unified execution directive 2026-08-24 (user),approved,unified execution directive 2026-08-24 (user),false,approved,unified execution directive 2026-08-24 (user),approved,true
276,EXT-MQ-036,memory_query,medium,approved,unified execution directive 2026-08-24 (user),approved,unified execution directive 2026-08-24 (user),false,approved,unified execution directive 2026-08-24 (user),approved,true
277,EXT-MQ-037,memory_query,medium,approved,unified execution directive 2026-08-24 (user),approved,unified execution directive 2026-08-24 (user),false,approved,unified execution directive 2026-08-24 (user),approved,true
278,EXT-MQ-038,memory_query,medium,approved,unified execution directive 2026-08-24 (user),approved,unified execution directive 2026-08-24 (user),false,approved,unified execution directive 2026-08-24 (user),approved,true
279,EXT-MQ-039,memory_query,medium,approved,unified execution directive 2026-08-24 (user),approved,unified execution directive 2026-08-24 (user),false,approved,unified execution directive 2026-08-24 (user),approved,true
280,EXT-MQ-040,memory_query,medium,approved,unified execution directive 2026-08-24 (user),approved,unified execution directive 2026-08-24 (user),false,approved,unified execution directive 2026-08-24 (user),approved,true
281,EXT-MQ-041,memory_query,medium,approved,unified execution directive 2026-08-24 (user),approved,unified execution directive 2026-08-24 (user),false,approved,unified execution directive 2026-08-24 (user),approved,true
282,EXT-MQ-042,memory_query,medium,approved,unified execution directive 2026-08-24 (user),approved,unified execution directive 2026-08-24 (user),false,approved,unified execution directive 2026-08-24 (user),approved,true
283,EXT-MQ-043,memory_query,medium,approved,unified execution directive 2026-08-24 (user),approved,unified execution directive 2026-08-24 (user),false,approved,unified execution directive 2026-08-24 (user),approved,true
284,EXT-MQ-044,memory_query,medium,approved,unified execution directive 2026-08-24 (user),approved,unified execution directive 2026-08-24 (user),false,approved,unified execution directive 2026-08-24 (user),approved,true
285,EXT-MQ-045,memory_query,medium,approved,unified execution directive 2026-08-24 (user),approved,unified execution directive 2026-08-24 (user),false,approved,unified execution directive 2026-08-24 (user),approved,true
286,EXT-MQ-046,memory_query,hard,approved,unified execution directive 2026-08-24 (user),approved,unified execution directive 2026-08-24 (user),false,approved,unified execution directive 2026-08-24 (user),approved,true
287,EXT-MQ-047,memory_query,hard,approved,unified execution directive 2026-08-24 (user),approved,unified execution directive 2026-08-24 (user),false,approved,unified execution directive 2026-08-24 (user),approved,true
288,EXT-MQ-048,memory_query,hard,approved,unified execution directive 2026-08-24 (user),approved,unified execution directive 2026-08-24 (user),false,approved,unified execution directive 2026-08-24 (user),approved,true
289,EXT-MQ-049,memory_query,hard,approved,unified execution directive 2026-08-24 (user),approved,unified execution directive 2026-08-24 (user),false,approved,unified execution directive 2026-08-24 (user),approved,true
290,EXT-MQ-050,memory_query,hard,approved,unified execution directive 2026-08-24 (user),approved,unified execution directive 2026-08-24 (user),false,approved,unified execution directive 2026-08-24 (user),approved,true
291,EXT-MQ-051,memory_query,hard,approved,unified execution directive 2026-08-24 (user),approved,unified execution directive 2026-08-24 (user),false,approved,unified execution directive 2026-08-24 (user),approved,true
292,EXT-MQ-052,memory_query,hard,approved,unified execution directive 2026-08-24 (user),approved,unified execution directive 2026-08-24 (user),false,approved,unified execution directive 2026-08-24 (user),approved,true
293,EXT-MQ-053,memory_query,hard,approved,unified execution directive 2026-08-24 (user),approved,unified execution directive 2026-08-24 (user),false,approved,unified execution directive 2026-08-24 (user),approved,true
294,EXT-MQ-054,memory_query,hard,approved,unified execution directive 2026-08-24 (user),approved,unified execution directive 2026-08-24 (user),false,approved,unified execution directive 2026-08-24 (user),approved,true
295,EXT-MQ-055,memory_query,hard,approved,unified execution directive 2026-08-24 (user),approved,unified execution directive 2026-08-24 (user),false,approved,unified execution directive 2026-08-24 (user),approved,true
296,EXT-MQ-056,memory_query,hard,approved,unified execution directive 2026-08-24 (user),approved,unified execution directive 2026-08-24 (user),false,approved,unified execution directive 2026-08-24 (user),approved,true
297,EXT-MQ-057,memory_query,hard,approved,unified execution directive 2026-08-24 (user),approved,unified execution directive 2026-08-24 (user),false,approved,unified execution directive 2026-08-24 (user),approved,true
298,EXT-MQ-058,memory_query,hard,approved,unified execution directive 2026-08-24 (user),approved,unified execution directive 2026-08-24 (user),false,approved,unified execution directive 2026-08-24 (user),approved,true
299,EXT-MQ-059,memory_query,hard,approved,unified execution directive 2026-08-24 (user),approved,unified execution directive 2026-08-24 (user),false,approved,unified execution directive 2026-08-24 (user),approved,true
300,EXT-MQ-060,memory_query,hard,approved,unified execution directive 2026-08-24 (user),approved,unified execution directive 2026-08-24 (user),false,approved,unified execution directive 2026-08-24 (user),approved,true
